rainfall_mm,soil_moisture_pct,displacement_mm,pore_pressure_kpa,slope_angle_deg,risk_label
59.8,34.3,2.01,27.5,40.7,Safe
37.4,51.9,5.9,57.0,19.0,Watch
34.6,12.5,0.38,22.6,38.2,Safe
34.6,46.8,7.22,30.4,22.8,Watch
116.2,40.4,5.62,14.5,27.6,Watch
71.7,23.7,3.7,10.3,35.2,Safe
28.3,52.2,5.11,58.3,35.3,Watch
61.7,31.7,2.35,58.6,33.1,Watch
50.0,76.2,3.37,45.3,46.7,Watch
5.4,5.0,2.47,44.8,49.1,Safe
16.8,49.5,1.32,41.3,49.9,Safe
52.7,45.8,2.52,18.9,30.2,Safe
109.1,39.9,0.89,34.4,33.1,Warning
34.8,35.5,1.74,22.4,45.8,Watch
26.5,46.2,0.99,0.0,25.5,Safe
45.4,64.1,0.39,46.8,27.7,Watch
25.1,14.9,1.17,38.3,32.2,Safe
32.9,30.5,5.73,10.2,31.8,Safe
41.2,26.1,1.44,24.6,29.1,Safe
16.0,25.2,4.14,45.8,22.7,Safe
74.3,51.2,0.58,32.0,40.5,Watch
13.4,55.6,1.66,4.5,28.1,Safe
11.8,64.2,0.37,11.8,33.6,Safe
48.3,55.9,0.45,57.9,31.9,Warning
70.3,57.4,2.88,31.0,38.8,Watch
47.4,19.6,2.81,45.9,36.6,Safe
38.0,71.7,0.72,57.6,29.4,Watch
32.7,41.2,1.93,23.1,27.9,Safe
28.5,63.6,5.97,35.3,30.9,Watch
85.9,20.2,0.57,0.5,20.9,Safe
53.0,40.7,0.06,20.9,24.0,Safe
30.4,62.0,3.17,38.6,37.3,Watch
23.4,45.5,0.16,27.1,35.0,Safe
64.7,31.4,11.73,36.8,22.3,Safe
84.6,68.6,2.82,43.9,30.8,Warning
79.5,23.9,1.91,38.4,16.4,Safe
20.0,44.6,1.69,35.0,33.4,Watch
32.5,56.5,2.55,32.9,28.6,Safe
28.0,82.7,0.28,21.5,53.0,Watch
36.0,36.7,7.98,16.1,37.9,Safe
73.8,40.0,2.95,50.3,22.5,Safe
102.6,37.0,0.61,41.9,22.3,Safe
54.5,49.3,2.48,18.2,38.4,Safe
24.1,55.6,0.43,31.0,40.8,Safe
40.5,64.7,0.05,9.1,50.6,Watch
115.3,58.6,2.99,22.8,43.6,Warning
44.5,36.0,3.14,38.0,36.8,Watch
32.7,59.6,2.63,33.9,46.2,Watch
35.0,46.6,0.61,31.7,32.7,Safe
54.3,58.4,2.77,16.7,32.3,Watch
20.6,59.4,0.17,13.7,19.9,Safe
27.5,74.3,2.82,44.2,47.1,Watch
78.7,38.6,2.42,55.4,33.3,Warning
53.2,35.2,3.19,38.2,31.0,Watch
44.9,53.0,6.78,27.4,24.1,Watch
81.4,66.3,5.7,48.4,44.3,Warning
22.9,46.0,11.84,17.4,41.9,Watch
32.0,67.5,11.22,45.8,23.0,Watch
52.0,57.4,4.44,21.1,37.1,Watch
50.7,41.4,9.4,21.8,40.0,Warning
10.6,55.1,6.06,25.0,19.5,Watch
29.5,37.2,3.9,28.5,38.4,Safe
36.7,49.3,0.24,43.7,36.4,Watch
56.1,25.7,0.15,10.4,38.2,Safe
50.5,43.8,5.45,20.9,51.9,Watch
39.3,63.0,2.02,33.1,61.6,Warning
5.4,58.8,5.06,38.4,44.4,Watch
40.8,56.2,1.13,4.4,34.6,Safe
43.6,50.2,1.52,18.1,38.4,Safe
182.4,47.9,3.61,3.8,36.3,Danger
35.8,22.2,7.41,19.5,55.5,Safe
52.2,41.3,0.28,23.4,33.4,Safe
90.5,48.3,5.93,37.5,27.9,Watch
71.0,24.8,4.73,0.0,37.5,Watch
105.3,13.5,1.14,39.8,52.9,Warning
10.8,65.3,1.32,22.4,22.3,Safe
17.2,45.9,0.14,24.9,25.3,Safe
25.9,48.8,0.05,44.6,24.7,Safe
9.0,55.0,1.94,50.2,20.0,Safe
43.9,27.3,0.3,20.2,22.5,Safe
18.5,37.7,0.65,20.1,41.4,Safe
114.4,72.1,5.63,24.7,34.2,Danger
21.2,36.2,2.54,20.0,19.1,Safe
32.1,40.2,3.01,8.5,38.9,Safe
73.8,32.9,0.62,29.5,35.5,Safe
13.2,31.7,5.29,20.1,41.5,Safe
8.3,64.9,6.07,31.5,26.0,Safe
47.9,5.0,2.22,55.6,19.7,Safe
50.6,36.8,7.31,28.4,38.8,Warning
72.3,49.1,5.59,18.7,40.3,Watch
60.9,75.5,3.94,25.9,21.0,Warning
52.0,24.6,3.97,31.9,34.4,Safe
23.3,21.5,0.33,27.5,25.8,Safe
49.6,29.5,0.95,21.6,41.7,Safe
51.9,57.6,0.21,5.1,38.6,Watch
22.6,47.3,0.03,39.5,44.2,Safe
135.6,19.0,0.52,16.6,23.6,Watch
58.9,46.8,6.37,51.9,25.1,Danger
17.5,72.9,0.82,24.5,28.3,Safe
72.6,49.8,10.54,22.3,26.7,Warning
81.1,48.0,2.73,22.9,35.7,Watch
56.5,49.0,0.81,32.3,21.2,Safe
34.2,52.5,2.06,17.0,47.2,Safe
21.8,22.2,0.74,19.9,49.4,Safe
39.2,40.8,12.4,39.3,43.1,Watch
53.7,41.8,5.64,14.7,37.0,Safe
42.1,36.3,0.08,38.2,30.8,Safe
108.4,57.4,8.86,42.4,33.9,Danger
65.3,33.6,3.83,40.0,24.4,Safe
19.7,38.5,0.26,33.5,33.6,Safe
15.8,22.3,3.33,2.9,35.4,Safe
59.3,51.8,3.12,11.8,23.7,Safe
34.9,62.0,0.74,9.7,48.2,Watch
69.2,38.5,4.26,24.3,31.2,Watch
58.9,59.5,0.27,30.5,21.7,Watch
39.4,42.4,2.02,12.1,29.9,Safe
19.9,5.0,0.03,27.4,26.0,Safe
9.4,44.1,10.4,40.3,23.6,Safe
49.0,41.8,4.18,15.0,47.7,Safe
13.0,46.9,0.52,17.7,32.1,Safe
19.2,49.6,1.25,47.7,42.3,Watch
46.8,32.7,0.53,16.1,36.1,Safe
43.6,71.5,4.37,35.1,36.8,Watch
14.6,43.8,0.18,48.6,31.9,Safe
87.3,41.4,5.51,12.3,27.7,Safe
85.8,58.4,8.55,13.4,45.0,Danger
60.6,45.3,3.39,26.5,38.5,Safe
60.5,91.2,0.72,31.0,30.2,Warning
60.6,41.2,1.34,20.4,41.9,Watch
80.7,51.3,1.95,59.6,47.1,Warning
66.4,31.5,2.78,38.1,35.7,Safe
21.4,60.7,3.31,17.9,47.5,Safe
34.5,50.6,2.42,9.5,27.2,Watch
169.9,38.9,1.3,29.1,23.0,Danger
5.8,29.3,6.65,36.6,28.6,Safe
28.2,21.4,0.25,57.6,32.4,Safe
87.6,52.5,1.88,31.1,47.6,Warning
22.6,20.0,4.48,26.4,28.2,Safe
67.7,68.6,0.19,15.4,35.8,Watch
43.2,22.3,3.67,35.6,43.0,Safe
24.0,41.8,5.14,45.3,36.7,Safe
4.5,29.1,3.24,3.2,27.1,Safe
48.0,45.6,0.04,31.1,19.2,Watch
21.0,45.5,0.6,14.7,44.2,Safe
38.1,53.0,1.26,9.6,21.5,Safe
60.2,17.5,0.8,55.4,28.2,Safe
76.3,31.3,9.86,43.3,32.3,Watch
28.1,62.5,3.16,20.9,44.6,Safe
23.9,56.9,1.06,27.6,42.0,Safe
12.8,5.0,7.96,25.2,33.5,Safe
78.9,51.8,4.05,13.1,44.1,Warning
154.5,26.4,1.0,21.9,46.3,Watch
84.7,34.3,1.43,41.8,27.2,Watch
97.4,40.9,0.67,21.5,28.1,Safe
22.7,73.0,10.63,37.0,39.5,Warning
57.7,26.2,2.19,21.6,49.0,Safe
72.0,19.7,6.79,12.2,25.1,Safe
16.6,53.1,1.28,47.9,13.6,Safe
119.7,44.5,5.92,0.0,38.5,Watch
10.5,66.7,0.17,56.8,45.6,Watch
107.6,38.6,12.07,45.0,33.3,Danger
10.4,66.8,7.29,32.7,58.3,Watch
17.3,45.3,1.35,23.3,23.6,Safe
58.4,54.5,4.47,24.5,24.6,Watch
44.0,74.2,4.19,33.0,24.4,Watch
30.4,42.0,6.95,32.8,32.9,Safe
116.7,63.8,1.1,15.6,33.1,Warning
13.1,34.0,1.88,31.0,24.3,Safe
37.0,49.1,6.01,33.9,43.2,Watch
63.7,19.0,4.52,25.5,34.7,Safe
51.4,35.9,1.5,63.6,21.7,Watch
24.6,26.0,5.61,28.0,38.1,Safe
25.4,67.0,0.14,3.5,27.8,Safe
75.5,76.3,4.57,14.8,33.0,Watch
78.0,38.6,0.69,40.6,40.9,Safe
52.4,31.1,1.01,19.2,42.0,Safe
20.2,21.3,2.04,15.1,41.2,Safe
26.1,49.8,1.79,50.9,32.5,Watch
41.0,34.2,2.21,32.5,22.3,Safe
45.6,35.1,2.36,21.0,28.8,Safe
61.9,74.3,1.21,0.0,32.2,Safe
35.5,39.7,0.58,39.3,47.5,Safe
74.4,55.6,4.39,30.2,26.7,Watch
73.8,46.0,1.53,49.5,34.0,Warning
99.6,20.6,2.11,13.6,19.7,Safe
42.3,11.8,3.1,24.4,35.4,Safe
53.0,53.8,7.21,34.5,31.5,Watch
37.6,75.7,3.69,48.8,30.7,Watch
20.4,50.7,0.14,33.9,40.5,Safe
152.3,56.2,5.47,19.4,25.1,Warning
91.3,28.7,13.63,49.5,46.0,Danger
72.8,63.3,1.92,25.3,24.4,Watch
41.3,63.0,10.48,32.7,45.7,Warning
18.9,32.5,2.38,41.3,16.0,Safe
81.7,54.8,1.85,53.4,35.1,Watch
37.1,13.2,1.21,35.5,38.1,Safe
56.5,58.0,3.21,68.8,28.4,Safe
26.0,34.7,0.78,28.7,34.8,Safe
50.1,22.9,0.33,34.4,28.4,Safe
27.4,52.2,0.08,20.7,36.5,Safe
28.2,13.1,1.04,34.8,34.5,Safe
49.6,51.2,1.51,34.5,54.2,Safe
10.2,24.6,2.41,45.7,18.2,Safe
10.7,20.8,1.04,36.7,34.0,Safe
22.5,46.1,12.42,22.1,27.8,Watch
35.2,41.9,1.03,33.8,33.2,Safe
75.9,71.2,1.74,19.9,30.6,Warning
36.7,21.9,0.33,38.2,28.5,Safe
41.1,69.8,0.91,21.6,26.8,Watch
33.0,24.5,0.15,9.0,39.1,Safe
53.0,61.5,2.46,13.0,28.3,Watch
20.3,64.9,4.17,12.4,31.8,Watch
38.3,50.8,0.65,22.1,33.9,Safe
56.0,30.8,1.38,17.3,24.8,Safe
49.3,17.6,0.05,29.7,38.1,Safe
42.1,9.9,5.49,24.1,22.4,Safe
42.5,78.3,4.54,37.7,36.9,Watch
59.9,39.7,0.2,35.7,36.0,Safe
157.0,25.1,1.36,25.1,30.7,Warning
21.5,24.4,9.32,48.6,21.1,Safe
159.8,48.0,1.49,16.1,32.1,Warning
20.6,37.9,2.24,45.1,21.7,Safe
3.8,10.5,1.32,32.3,30.9,Safe
26.9,60.6,2.72,24.1,39.9,Watch
53.7,51.0,11.47,46.9,31.8,Warning
136.3,78.1,17.98,38.4,44.5,Danger
18.9,65.5,4.47,13.9,35.0,Safe
59.6,5.0,1.55,35.5,39.7,Safe
11.9,70.5,2.05,35.4,39.2,Watch
133.1,66.7,1.32,45.1,46.1,Danger
92.5,31.7,12.72,38.8,18.9,Watch
28.3,37.2,3.69,39.9,26.8,Safe
102.4,52.4,1.79,23.4,32.3,Watch
38.1,26.7,0.04,26.9,40.0,Safe
95.7,40.6,2.2,26.2,33.7,Safe
41.8,63.0,12.39,6.0,31.9,Watch
43.2,54.3,2.22,49.3,42.3,Watch
28.8,33.0,0.6,13.2,28.6,Safe
65.2,63.4,0.07,34.0,28.2,Safe
45.7,50.5,1.31,25.0,37.2,Safe
60.6,49.8,7.51,26.4,55.9,Danger
9.2,35.7,17.01,40.2,31.8,Danger
98.0,44.9,8.72,18.3,25.5,Warning
114.5,31.1,3.92,36.8,26.3,Warning
45.5,10.1,2.45,37.0,28.3,Safe
149.8,40.0,2.68,18.4,45.3,Danger
127.9,42.8,2.32,43.7,28.3,Warning
66.2,47.5,3.68,50.5,35.0,Watch
103.3,66.8,1.63,60.4,31.1,Danger
86.0,33.3,3.32,26.1,18.9,Safe
6.8,38.4,0.39,32.9,28.7,Safe
33.6,58.8,0.93,33.8,7.3,Safe
69.4,31.5,5.42,40.0,33.8,Safe
119.4,47.8,7.02,56.2,36.9,Danger
11.1,37.7,2.32,37.3,23.5,Safe
7.3,40.6,0.1,37.7,26.6,Safe
39.9,58.6,7.85,13.6,18.6,Safe
4.2,38.3,3.63,60.7,9.8,Safe
38.9,59.2,1.6,22.9,16.9,Safe
54.7,9.9,2.74,0.0,38.5,Safe
18.1,19.3,1.69,0.0,28.9,Safe
39.7,5.0,1.88,34.9,34.1,Safe
80.7,24.0,6.54,10.9,52.4,Safe
26.8,78.4,0.53,30.8,42.0,Watch
21.0,44.7,0.33,7.6,37.4,Safe
38.3,32.0,0.01,34.6,27.2,Safe
16.4,59.1,1.13,38.5,47.6,Watch
142.7,61.6,0.48,32.6,44.4,Warning
42.8,23.0,0.75,19.6,40.9,Safe
22.9,90.0,0.03,43.2,32.0,Safe
49.0,50.0,0.77,24.0,22.8,Safe
38.1,52.2,1.21,27.2,47.2,Safe
34.9,54.0,0.1,22.4,40.7,Safe
26.8,53.9,2.81,26.0,30.0,Safe
25.7,33.8,2.52,58.1,29.2,Safe
9.4,83.0,0.31,29.9,19.8,Watch
103.2,39.9,2.71,11.0,39.6,Watch
63.2,62.2,19.83,15.6,33.7,Danger
52.5,36.5,8.67,25.9,36.0,Watch
37.7,33.3,0.01,18.1,41.3,Safe
17.8,79.2,4.76,44.2,39.2,Watch
21.7,43.0,1.31,8.7,23.3,Safe
10.6,44.4,0.2,28.2,32.2,Safe
24.1,50.1,1.05,45.2,36.1,Safe
15.6,91.8,1.16,20.5,36.9,Watch
123.3,84.0,2.22,36.6,16.1,Danger
77.1,68.1,3.25,29.4,21.9,Warning
44.2,96.4,4.15,29.5,38.6,Warning
19.6,28.0,0.85,37.7,38.4,Safe
16.4,56.8,1.16,2.1,48.1,Safe
35.8,46.4,1.11,48.1,16.5,Safe
79.3,13.2,1.35,1.5,41.0,Safe
10.9,53.3,23.93,47.0,35.8,Danger
62.6,36.2,4.51,36.5,21.5,Safe
24.0,72.6,11.07,37.1,14.3,Watch
27.8,37.9,3.54,54.2,41.4,Safe
43.3,36.9,1.56,47.8,22.2,Safe
20.2,72.6,1.48,42.2,18.9,Watch
34.4,43.8,2.01,25.6,36.5,Watch
18.7,65.9,1.62,24.6,31.9,Safe
25.7,52.6,5.29,42.6,37.7,Watch
71.1,52.9,1.88,36.8,36.3,Watch
45.0,40.6,1.05,34.5,65.5,Watch
70.9,54.0,4.47,29.1,39.2,Watch
23.7,42.6,5.78,23.9,38.6,Safe
62.9,30.5,1.64,9.2,23.2,Safe
8.1,43.1,3.31,39.7,47.6,Safe
43.2,68.2,0.18,27.3,26.9,Watch
65.9,54.6,2.26,26.3,22.9,Watch
7.8,58.8,0.14,2.8,29.9,Safe
24.0,45.0,0.09,31.4,36.4,Safe
43.2,10.1,2.85,9.5,27.4,Safe
83.3,23.0,1.08,23.5,23.2,Safe
25.7,39.8,4.07,41.9,23.0,Safe
61.2,24.6,6.79,30.9,34.1,Safe
107.7,35.6,0.45,28.4,37.6,Safe
63.2,34.9,3.87,19.1,38.4,Watch
35.5,35.5,2.17,21.8,16.4,Safe
54.8,70.9,0.36,53.8,23.7,Watch
25.1,44.0,3.16,41.7,41.3,Watch
44.5,61.8,2.82,23.1,27.8,Watch
36.8,48.0,2.17,28.4,34.0,Safe
53.5,70.5,7.83,33.7,58.3,Warning
29.7,63.4,2.21,36.6,9.5,Safe
55.7,34.4,13.97,29.6,30.7,Warning
29.5,80.3,2.14,3.4,39.1,Safe
76.6,36.8,0.37,29.5,22.2,Safe
32.0,48.6,1.91,28.6,30.7,Watch
4.4,51.8,0.6,60.9,20.0,Safe
16.9,53.8,2.73,70.4,37.8,Watch
42.3,59.3,3.54,39.6,25.3,Watch
122.6,31.4,1.9,19.8,27.7,Watch
74.6,57.8,0.31,40.2,41.0,Watch
3.3,55.5,1.9,4.5,37.6,Safe
9.8,45.0,0.25,22.0,41.7,Safe
90.6,41.6,3.44,5.6,49.6,Safe
65.6,30.5,4.69,38.3,32.7,Watch
166.3,53.6,9.84,11.8,53.2,Danger
28.5,33.1,0.48,25.7,33.9,Safe
19.8,49.3,2.28,29.3,45.2,Safe
44.0,43.2,2.51,29.6,31.7,Safe
28.1,21.0,7.67,22.9,40.4,Watch
84.9,28.2,2.96,35.1,27.7,Watch
27.3,52.3,0.47,11.2,45.4,Safe
33.5,35.6,1.72,56.1,43.5,Safe
17.4,34.9,3.19,14.5,29.9,Safe
71.2,31.2,3.61,30.6,33.6,Watch
18.4,31.9,5.96,39.4,22.6,Safe
56.5,74.6,0.6,40.2,41.3,Warning
136.3,24.8,9.08,41.6,40.4,Warning
6.6,71.5,0.18,6.1,19.7,Safe
111.0,39.0,12.36,16.2,53.7,Danger
51.4,33.2,5.85,32.0,36.0,Watch
14.9,51.9,3.24,37.2,29.7,Safe
45.3,46.0,3.98,48.9,44.0,Watch
69.8,41.4,0.23,22.3,26.8,Safe
21.0,49.0,0.13,16.4,45.1,Safe
58.8,45.7,0.32,21.8,20.2,Safe
117.1,41.1,0.27,63.9,29.8,Watch
27.2,61.8,2.38,52.5,31.1,Watch
17.2,19.0,0.73,27.5,26.6,Safe
37.7,28.5,5.9,49.3,24.6,Safe
43.5,30.8,1.77,21.4,27.1,Safe
87.9,26.0,3.57,44.3,26.7,Warning
36.8,46.5,3.17,9.3,27.3,Safe
29.4,54.1,1.16,35.3,46.3,Safe
16.8,9.7,0.84,45.3,36.3,Safe
7.8,36.5,1.26,25.1,31.1,Safe
12.4,39.2,4.78,39.2,39.6,Safe
12.3,39.9,2.65,21.6,31.0,Safe
33.8,21.9,0.88,34.6,24.1,Safe
9.5,39.4,5.11,22.8,15.9,Safe
39.9,28.6,0.17,42.3,41.9,Watch
134.4,39.0,3.6,11.0,9.7,Watch
89.6,14.0,1.73,14.8,16.9,Safe
33.6,39.1,3.94,49.6,37.0,Watch
192.1,32.1,7.87,0.0,31.8,Danger
43.6,40.3,4.16,20.4,46.6,Watch
48.4,50.4,1.75,27.9,25.6,Watch
37.2,44.2,0.49,35.3,39.7,Safe
40.6,59.3,4.93,22.8,30.2,Watch
26.5,38.5,1.85,13.1,37.5,Safe
34.0,56.1,0.23,48.4,33.7,Safe
111.5,65.2,3.81,45.8,37.0,Warning
96.2,49.9,1.04,24.3,34.1,Watch
4.2,44.6,0.15,3.1,34.9,Safe
10.7,52.5,6.99,34.6,21.1,Safe
21.3,50.6,1.98,32.7,32.8,Safe
79.7,63.0,0.99,20.0,38.0,Watch
97.7,59.3,3.78,0.7,31.5,Watch
69.6,59.5,6.51,25.9,31.0,Watch
14.8,45.8,0.0,41.5,13.2,Safe
26.9,51.1,3.49,43.8,47.3,Watch
59.5,50.8,4.37,29.3,18.3,Watch
34.4,23.3,0.71,20.6,25.8,Safe
30.7,64.2,2.02,41.0,24.1,Watch
31.1,15.0,0.28,12.9,35.0,Safe
91.4,57.8,4.12,9.7,35.4,Watch
63.9,49.8,5.64,28.7,38.6,Safe
32.5,39.9,0.34,53.2,39.0,Watch
53.1,52.0,5.09,53.8,49.2,Danger
12.9,52.5,4.43,10.2,28.9,Safe
27.0,21.5,1.28,23.4,23.7,Safe
85.5,70.5,3.52,66.5,29.7,Danger
8.9,46.3,0.0,19.7,20.9,Safe
64.4,86.7,8.06,54.3,28.5,Danger
4.1,59.2,2.4,44.6,16.5,Safe
123.9,45.9,2.91,47.9,23.6,Watch
26.4,32.6,3.28,23.3,15.1,Safe
55.9,43.0,2.47,23.8,44.1,Safe
45.5,47.7,5.83,16.3,33.1,Watch
46.7,71.4,2.82,42.0,50.8,Warning
52.4,67.1,7.15,5.5,43.1,Warning
7.3,53.1,2.62,27.5,44.1,Watch
47.4,76.8,0.56,54.5,30.6,Danger
36.0,8.7,7.35,38.9,36.9,Safe
26.6,53.3,3.43,45.0,23.0,Watch
21.3,67.6,3.6,5.3,26.7,Safe
48.3,54.9,12.7,15.1,32.1,Watch
17.4,21.0,0.23,47.8,14.6,Safe
84.5,70.0,1.68,31.9,26.9,Warning
58.9,58.7,0.82,14.4,39.9,Safe
50.5,51.2,2.99,39.4,27.1,Watch
82.1,46.6,4.93,22.0,24.6,Watch
6.0,80.9,10.17,68.1,28.2,Warning
12.5,53.0,1.82,39.0,39.5,Safe
60.7,40.6,4.63,16.2,35.6,Watch
22.4,30.4,7.47,43.2,29.7,Safe
24.9,58.6,3.45,54.2,32.2,Watch
10.8,62.8,0.83,29.9,40.6,Safe
17.4,46.0,2.81,18.5,45.1,Safe
85.8,35.0,10.51,30.7,27.3,Watch
59.7,68.9,13.16,20.8,31.2,Watch
47.9,29.0,3.08,26.1,44.4,Safe
25.7,80.5,6.54,9.2,37.2,Watch
45.7,31.8,0.67,43.1,18.0,Safe
90.9,22.0,0.85,12.8,23.1,Safe
22.8,24.3,9.17,39.1,23.4,Safe
40.5,25.0,0.44,25.4,27.8,Safe
128.9,40.7,0.64,33.3,35.7,Danger
68.9,36.6,1.64,22.9,50.9,Watch
26.0,63.4,2.67,32.9,31.2,Safe
65.1,60.9,2.78,36.5,38.6,Watch
8.8,41.0,1.04,24.7,43.3,Safe
39.3,100.0,7.6,4.1,46.9,Warning
65.1,40.7,7.4,35.1,43.3,Watch
55.2,43.1,1.49,35.9,24.5,Watch
64.6,22.0,1.71,8.5,17.5,Safe
74.8,43.6,3.64,15.3,25.7,Safe
58.3,50.4,3.26,24.8,33.7,Watch
57.1,23.7,1.45,0.0,24.6,Safe
48.7,36.0,1.6,40.6,15.7,Watch
15.6,50.9,1.28,22.7,19.8,Safe
85.7,35.6,0.81,34.3,62.1,Warning
40.4,31.8,1.84,14.1,29.8,Safe
67.8,59.1,3.48,60.3,50.0,Warning
79.9,21.9,4.06,8.7,29.7,Safe
27.1,25.4,4.53,22.5,39.9,Safe
29.2,48.2,1.41,48.0,30.6,Safe
32.5,60.2,4.34,12.8,32.1,Safe
96.8,50.5,0.02,31.4,39.8,Watch
18.9,41.0,1.94,39.4,28.0,Safe
108.0,39.5,4.74,7.4,20.1,Danger
48.3,63.2,2.98,20.0,23.9,Watch
50.9,60.5,1.93,32.9,23.9,Watch
77.5,45.9,3.1,36.8,32.8,Watch
44.4,40.0,7.12,17.7,13.0,Safe
86.4,45.6,2.51,57.6,35.1,Watch
27.1,31.9,4.83,37.2,44.7,Safe
105.7,42.3,11.85,41.6,26.9,Warning
28.9,36.2,3.67,40.8,25.5,Safe
108.4,43.2,2.56,6.6,51.7,Watch
29.5,36.8,0.11,28.3,46.7,Safe
33.2,54.4,1.41,29.8,36.3,Safe
16.9,59.7,2.5,26.2,24.5,Safe
21.5,38.2,4.79,33.1,37.8,Safe
40.6,30.4,1.73,0.0,21.9,Safe
49.7,57.8,9.66,31.9,18.8,Watch
82.2,48.3,0.95,25.5,36.5,Safe
35.1,38.4,4.09,0.0,27.2,Safe
55.3,69.8,1.63,36.3,11.8,Watch
47.3,34.8,2.0,12.3,37.9,Safe
59.7,9.1,4.87,24.3,46.6,Safe
24.3,32.3,1.05,26.2,38.6,Safe
26.8,74.1,0.31,2.3,27.0,Safe
24.3,39.3,2.2,4.0,10.6,Safe
93.0,35.7,2.26,38.2,33.5,Warning
106.4,45.5,4.79,20.9,25.4,Watch
25.8,63.2,10.36,24.1,23.0,Safe
26.3,43.5,0.17,31.1,12.5,Safe
65.6,55.6,2.69,3.6,50.8,Watch
114.2,41.6,3.43,23.9,21.0,Watch
130.7,55.8,12.76,28.3,13.8,Danger
24.9,48.2,8.57,56.5,48.9,Watch
30.4,37.8,3.74,16.2,32.3,Safe
51.6,49.6,2.21,41.8,30.8,Watch
53.4,35.2,0.53,30.0,35.1,Safe
36.2,20.2,1.45,13.0,36.4,Safe
20.8,44.6,2.64,20.5,34.1,Warning
40.6,21.8,3.88,43.0,16.9,Safe
130.6,55.8,3.03,41.7,16.2,Warning
27.1,44.3,3.76,22.2,24.7,Safe
49.3,70.6,1.68,35.2,26.9,Warning
188.0,39.1,3.9,14.4,28.4,Danger
26.8,44.6,0.47,27.4,34.3,Safe
67.8,18.5,0.53,23.6,29.2,Safe
134.2,25.1,0.53,44.0,25.2,Safe
63.8,14.8,6.65,36.9,35.9,Safe
88.7,64.4,0.24,19.9,39.1,Warning
74.2,36.7,4.85,21.4,23.9,Watch
60.3,68.9,0.8,29.6,18.3,Safe
104.1,5.0,1.9,27.6,33.8,Safe
66.3,72.9,7.43,25.8,27.8,Warning
36.5,43.8,2.65,24.7,40.4,Watch
46.6,51.1,0.71,50.7,22.1,Safe
54.7,25.9,1.0,23.2,19.9,Safe
30.2,54.5,7.59,34.5,25.7,Watch
48.1,38.3,1.67,66.3,37.2,Warning
43.2,23.5,2.65,17.3,28.5,Safe
66.2,23.3,1.85,32.9,31.1,Safe
157.7,22.9,1.43,33.7,27.0,Watch
50.2,51.8,0.76,29.8,42.2,Watch
116.1,33.6,3.48,30.6,36.8,Warning
64.5,15.5,3.8,16.8,16.8,Safe
48.0,51.6,0.96,35.4,41.0,Watch
28.9,5.9,4.67,2.4,37.9,Safe
48.3,68.9,5.78,57.0,42.8,Warning
46.1,80.8,7.6,55.7,26.7,Danger
22.9,21.4,0.53,25.1,22.6,Safe
26.1,63.9,1.09,45.8,31.2,Safe
55.1,51.3,5.91,25.6,33.6,Watch
115.4,36.0,0.66,30.1,43.9,Watch
39.6,36.8,0.01,19.8,38.4,Safe
10.2,56.8,6.14,42.3,33.5,Watch
16.6,44.3,1.19,21.3,30.7,Safe
69.0,5.0,1.61,41.8,32.2,Safe
12.5,82.3,1.77,29.4,28.1,Watch
76.6,52.8,5.66,29.7,38.8,Warning
66.4,44.1,1.24,7.6,17.5,Safe
38.5,32.1,6.68,30.9,32.1,Safe
23.1,41.6,2.88,12.8,42.4,Safe
34.4,67.8,2.25,30.9,20.6,Watch
54.1,49.7,1.18,59.1,51.4,Watch
12.9,51.8,0.84,9.2,21.2,Safe
107.8,22.5,2.93,27.8,27.0,Watch
53.7,38.7,1.78,20.5,42.3,Safe
58.2,45.9,7.24,14.4,46.5,Safe
66.0,57.5,2.03,18.1,35.6,Watch
101.0,37.5,2.15,52.1,35.3,Watch
48.3,61.7,1.62,56.0,49.9,Watch
69.0,24.4,4.67,14.3,18.3,Safe
23.4,46.3,1.66,36.0,14.8,Safe
131.0,43.2,0.94,16.2,12.8,Watch
45.9,17.7,5.94,19.8,23.5,Safe
23.3,44.1,2.73,0.0,24.8,Safe
28.9,34.5,2.69,62.0,35.8,Safe
5.6,70.4,2.83,46.5,42.1,Safe
28.7,37.6,3.81,20.2,41.1,Safe
2.2,51.3,1.13,34.3,40.8,Safe
72.5,22.8,0.1,24.0,22.4,Safe
57.0,49.3,4.99,44.2,35.8,Safe
17.6,37.5,0.41,24.9,24.7,Safe
40.1,31.0,3.84,27.1,38.0,Safe
41.6,96.0,0.26,20.1,32.4,Watch
14.3,38.6,1.41,39.1,40.8,Safe
34.9,41.2,0.2,63.1,55.8,Safe
42.5,61.2,2.22,25.7,31.7,Safe
34.2,31.2,3.18,25.6,21.0,Safe
23.3,52.3,0.56,29.6,15.7,Safe
17.0,54.2,1.39,33.9,23.0,Safe
33.2,49.4,7.99,25.5,42.7,Watch
25.8,86.3,1.75,24.1,36.8,Safe
63.0,30.5,4.87,31.2,34.3,Watch
105.1,72.7,7.86,3.7,35.8,Watch
79.2,53.5,10.99,21.8,39.2,Danger
43.6,61.4,6.86,0.0,16.4,Watch
24.1,51.1,1.15,22.6,41.9,Watch
77.8,78.8,9.86,15.8,35.9,Danger
65.7,39.2,5.02,39.4,17.6,Safe
100.3,53.9,5.45,19.0,35.4,Warning
48.4,68.5,0.05,24.5,19.0,Watch
126.6,34.9,9.25,0.0,37.1,Watch
48.4,63.0,4.52,45.3,33.2,Watch
24.0,44.7,4.38,13.7,21.9,Safe
27.9,22.8,0.26,22.8,36.1,Safe
60.9,18.9,0.79,41.7,40.1,Safe
25.8,43.4,9.83,41.7,26.3,Watch
126.0,62.8,2.08,13.3,39.8,Watch
57.4,7.6,1.52,37.9,29.2,Watch
42.9,48.6,5.5,12.8,40.7,Safe
45.7,61.1,0.27,33.5,31.0,Watch
33.9,22.0,1.62,18.2,43.7,Safe
7.7,33.6,1.41,14.8,22.9,Safe
27.9,55.3,1.29,30.5,23.2,Safe
115.9,60.3,1.1,19.1,24.1,Warning
49.3,73.9,0.71,60.3,33.3,Watch
85.4,34.4,0.57,20.7,30.5,Safe
87.1,30.3,3.07,12.1,34.9,Safe
40.4,74.7,7.55,16.5,20.4,Watch
66.5,31.4,2.13,29.7,24.8,Safe
8.7,54.1,1.06,31.7,44.7,Safe
109.8,84.3,0.52,34.6,35.7,Danger
104.0,58.5,5.32,43.7,38.2,Warning
59.7,59.1,10.67,4.9,29.4,Safe
50.7,68.0,1.29,44.4,34.9,Watch
40.8,54.4,1.03,16.3,27.3,Safe
92.1,59.2,2.76,36.0,13.5,Watch
71.9,38.8,4.48,55.8,42.4,Warning
31.0,65.9,1.82,18.0,33.8,Safe
15.0,52.4,2.98,17.4,24.7,Safe
12.3,18.4,3.78,14.6,32.0,Safe
91.5,49.4,9.7,24.9,27.3,Danger
40.2,5.9,0.54,49.0,47.0,Safe
59.0,57.9,17.84,13.3,38.7,Danger
44.2,40.8,1.49,22.6,20.5,Safe
12.5,79.3,3.85,44.6,19.2,Watch
8.9,53.8,2.55,39.4,34.5,Safe
29.3,61.6,2.0,22.5,33.3,Safe
31.4,26.1,3.59,26.8,37.2,Safe
31.4,57.3,1.51,43.7,30.6,Safe
32.1,33.5,0.4,53.7,25.5,Safe
151.1,64.6,2.01,55.5,37.1,Danger
84.5,24.9,2.21,50.7,37.9,Watch
49.9,47.0,0.68,19.9,44.6,Safe
39.4,24.2,8.23,57.3,39.3,Watch
40.5,47.3,0.77,18.9,23.6,Safe
70.1,81.4,1.58,5.2,34.6,Warning
39.1,58.0,0.51,31.7,29.1,Safe
78.8,44.4,2.3,52.1,22.5,Watch
53.9,5.0,1.1,40.0,14.1,Safe
151.9,35.4,2.02,28.9,54.5,Warning
37.3,53.5,0.76,34.4,26.4,Safe
88.6,35.8,0.17,38.0,30.7,Safe
16.3,70.7,4.53,32.2,34.2,Watch
24.6,46.3,3.07,25.6,33.1,Safe
139.0,64.4,1.25,18.9,6.8,Warning
76.5,48.7,0.15,31.7,30.3,Watch
59.8,40.0,6.02,28.2,49.7,Watch
177.3,36.5,0.56,30.1,29.9,Danger
39.8,26.8,8.01,45.7,48.4,Watch
88.5,64.7,1.95,26.3,32.3,Warning
92.9,37.3,1.25,26.9,28.5,Watch
119.7,54.4,4.06,32.8,33.4,Warning
14.5,35.5,6.28,69.4,32.4,Safe
39.6,25.5,1.39,13.6,32.2,Safe
53.2,55.0,1.57,46.4,26.2,Safe
118.5,31.6,1.7,25.5,18.4,Watch
58.1,37.8,7.67,29.1,37.6,Warning
93.1,22.5,3.54,10.3,32.9,Safe
13.3,36.1,0.85,58.2,48.6,Safe
32.8,45.4,0.61,33.3,31.7,Watch
103.7,39.8,0.79,39.9,16.9,Safe
36.3,59.7,0.92,7.5,35.2,Watch
42.2,47.6,0.78,20.4,32.8,Safe
117.2,100.0,3.22,36.2,27.7,Danger
19.9,52.6,0.37,27.6,38.2,Safe
24.3,13.8,1.47,36.7,37.0,Safe
11.9,41.2,2.94,61.5,20.0,Safe
120.3,42.7,1.03,37.6,27.3,Watch
83.5,34.0,0.2,23.3,42.9,Safe
82.1,46.3,0.26,20.2,22.2,Safe
32.0,33.4,0.4,18.5,30.3,Safe
11.0,51.0,5.42,23.6,34.3,Safe
7.9,10.6,3.22,24.2,20.5,Safe
104.2,65.6,0.2,31.8,31.0,Warning
62.6,16.6,1.49,37.9,30.7,Safe
71.3,40.3,0.98,36.5,28.8,Watch
51.4,31.8,2.59,32.0,16.7,Safe
21.8,50.5,2.22,33.0,32.0,Safe
33.2,41.7,1.97,68.0,25.8,Safe
17.2,49.5,1.13,19.2,42.7,Safe
15.2,65.0,0.44,29.4,36.2,Safe
78.9,58.8,4.07,3.2,24.2,Watch
8.8,45.7,6.36,24.3,28.0,Safe
17.3,53.3,8.66,16.5,33.3,Watch
34.8,80.3,0.18,19.1,28.0,Safe
45.2,59.5,4.04,12.2,16.8,Safe
11.7,39.7,3.89,9.7,34.9,Safe
57.6,68.0,8.82,31.8,37.3,Warning
49.3,52.0,0.87,40.7,39.4,Safe
103.0,27.7,4.07,18.4,41.4,Watch
45.7,41.7,0.17,0.0,23.7,Safe
61.8,18.5,2.99,31.7,39.8,Safe
22.9,5.0,1.3,37.0,20.6,Safe
23.7,27.9,4.39,40.1,35.6,Watch
13.0,47.2,5.97,14.7,24.9,Safe
23.1,47.3,1.36,20.9,36.2,Safe
32.9,19.6,2.24,13.4,16.9,Safe
96.3,5.0,0.37,18.9,37.4,Safe
20.1,71.5,1.62,18.2,24.1,Safe
156.3,46.7,1.34,22.4,36.8,Danger
65.7,73.0,0.61,26.2,35.7,Watch
56.5,72.0,6.75,31.7,35.9,Watch
43.1,58.2,0.48,17.3,32.5,Safe
37.1,46.1,3.03,27.9,20.3,Safe
26.1,37.8,6.63,16.4,46.9,Watch
11.2,57.9,7.29,3.7,30.7,Safe
20.7,42.1,4.73,38.1,30.7,Warning
120.1,34.4,0.58,20.1,45.8,Warning
62.9,7.2,5.1,4.0,23.1,Safe
119.4,43.5,0.97,38.4,31.5,Watch
25.6,64.7,7.67,26.2,33.7,Watch
16.7,67.7,3.7,36.8,29.7,Safe
42.8,46.0,4.62,36.3,34.7,Watch
21.4,29.0,0.27,13.6,26.2,Safe
49.7,61.2,2.62,44.0,31.3,Watch
8.9,44.7,5.16,2.5,33.3,Safe
4.8,38.4,5.93,24.0,45.7,Safe
54.9,18.8,0.09,23.0,48.6,Safe
122.3,82.9,8.4,18.4,33.7,Danger
56.7,58.3,0.13,48.4,44.0,Safe
62.4,60.2,2.86,34.5,24.7,Watch
44.2,29.5,3.55,8.9,54.5,Safe
47.4,46.4,0.34,11.0,29.6,Safe
10.7,43.5,0.15,62.3,31.7,Safe
22.2,59.1,4.61,22.8,37.3,Safe
95.6,69.5,1.46,18.1,40.5,Warning
32.3,19.2,0.34,47.3,30.3,Safe
94.4,25.7,4.31,3.3,11.9,Safe
46.4,56.6,5.67,50.8,38.6,Watch
48.2,35.9,2.66,18.0,22.9,Safe
32.5,59.7,0.53,37.7,39.7,Watch
69.0,38.3,0.05,22.8,39.5,Safe
80.8,22.5,3.62,6.4,33.9,Safe
21.1,13.3,2.4,32.7,41.0,Safe
11.8,53.7,3.16,44.2,27.1,Watch
6.1,54.2,5.03,0.0,45.7,Safe
60.3,62.5,1.71,12.7,33.6,Safe
55.5,50.9,0.4,48.6,30.1,Watch
185.0,5.0,8.44,36.0,43.4,Danger
44.4,54.1,2.36,37.0,25.3,Safe
38.6,18.8,2.87,44.0,11.0,Safe
50.9,11.4,8.13,37.0,19.5,Safe
52.9,9.2,8.05,32.2,46.4,Safe
36.3,7.6,2.55,46.7,34.5,Safe
21.7,50.0,1.06,24.1,33.7,Safe
42.6,31.8,17.54,29.8,41.1,Warning
41.4,17.7,3.43,42.4,35.0,Safe
40.9,45.4,1.57,18.5,29.2,Safe
74.0,25.1,2.46,51.4,27.6,Watch
42.0,62.7,1.61,34.4,20.2,Watch
12.0,71.1,6.58,12.8,21.3,Safe
24.9,41.1,1.98,27.1,33.7,Safe
35.9,69.8,5.2,9.2,30.4,Watch
43.5,69.8,5.5,31.3,36.9,Warning
61.2,46.5,5.22,24.3,31.1,Watch
43.8,76.2,3.84,17.0,21.4,Watch
4.9,33.8,5.79,3.3,34.5,Safe
13.5,9.8,1.47,18.1,33.9,Safe
64.2,17.0,0.37,27.3,32.2,Safe
35.2,33.0,5.54,24.4,33.6,Watch
46.7,54.6,2.07,8.7,51.7,Safe
31.7,24.2,0.41,30.3,20.1,Safe
24.8,32.8,0.37,15.2,22.4,Safe
32.6,22.5,0.52,43.8,15.0,Safe
47.1,33.2,4.17,46.0,32.9,Watch
41.8,69.2,3.72,26.1,12.6,Safe
80.4,51.4,0.68,53.6,34.2,Watch
9.8,34.6,5.63,27.9,31.4,Safe
11.3,67.0,0.99,10.5,26.3,Safe
34.8,45.5,4.72,47.8,36.7,Watch
61.7,47.4,2.01,54.2,35.0,Watch
71.3,65.6,3.95,44.9,48.1,Warning
25.7,38.8,1.44,18.5,38.1,Safe
1.5,61.5,1.28,11.5,31.4,Safe
26.4,60.2,5.52,24.7,9.2,Watch
55.6,42.4,0.11,67.1,41.3,Watch
41.2,19.9,11.04,12.3,41.4,Safe
63.3,45.2,3.13,42.3,45.2,Warning
93.4,65.5,1.7,28.6,9.1,Watch
36.8,59.8,2.97,44.2,34.1,Watch
28.9,75.8,0.39,11.1,38.6,Safe
19.1,36.2,2.16,26.3,44.0,Safe
11.2,59.0,12.62,16.5,38.0,Watch
8.3,26.9,0.8,17.4,32.6,Safe
23.6,48.6,3.84,41.0,21.8,Safe
85.0,64.9,1.71,13.2,30.8,Watch
67.6,61.3,3.17,34.3,35.9,Watch
27.8,46.9,0.69,30.8,39.8,Safe
157.3,40.2,1.91,15.7,16.1,Warning
25.0,27.1,11.75,18.9,35.0,Safe
99.4,40.9,0.65,35.0,17.3,Watch
115.1,21.4,3.04,29.6,34.7,Watch
58.3,38.8,2.57,30.6,20.5,Safe
23.4,12.5,2.5,26.5,17.6,Safe
31.0,21.3,2.86,25.5,50.1,Safe
47.9,60.4,2.09,29.7,18.2,Safe
11.6,58.3,0.05,51.6,25.6,Watch
17.5,39.8,6.91,37.9,31.8,Safe
16.2,46.2,5.26,28.0,11.2,Safe
61.5,48.6,0.57,13.8,39.9,Watch
92.8,53.3,1.6,23.7,25.0,Watch
69.4,51.4,4.42,16.2,21.8,Watch
82.8,20.9,11.75,18.1,41.2,Watch
21.7,5.0,9.06,1.9,18.6,Safe
32.1,26.7,6.89,29.8,36.5,Safe
34.1,42.2,0.52,61.0,32.2,Safe
58.2,62.3,7.38,32.9,32.6,Watch
24.2,49.2,6.32,40.9,31.4,Watch
79.4,54.6,1.42,44.4,33.3,Danger
113.0,28.9,1.51,25.7,9.2,Watch
60.3,43.7,1.85,26.7,23.3,Safe
31.0,46.2,3.2,9.0,22.9,Safe
20.0,31.4,0.91,33.0,43.1,Safe
16.2,25.7,0.07,30.8,33.6,Safe
5.0,40.9,0.46,17.2,32.1,Safe
34.9,56.9,1.74,47.2,50.6,Watch
33.4,28.7,0.99,18.4,11.8,Safe
76.1,41.3,4.34,72.7,46.1,Warning
25.5,69.4,0.34,36.1,32.1,Watch
36.5,35.7,7.48,29.7,24.4,Safe
51.5,45.1,6.77,59.1,26.7,Warning
59.6,43.1,7.18,0.0,27.0,Safe
70.2,41.6,4.04,25.7,47.0,Watch
47.8,75.0,0.34,23.5,34.4,Safe
12.3,50.5,1.73,27.3,38.9,Safe
55.9,16.7,0.42,33.4,24.6,Safe
24.0,72.5,13.19,26.8,33.1,Warning
95.8,49.9,1.22,51.0,41.1,Warning
42.4,38.3,2.64,36.5,43.3,Safe
49.9,69.3,4.53,37.3,18.6,Safe
194.7,31.0,7.6,36.9,40.1,Danger
71.0,75.9,4.23,10.7,30.5,Watch
55.2,46.7,3.37,33.0,35.7,Watch
37.4,63.1,1.88,33.5,26.7,Safe
13.3,100.0,2.79,13.1,47.3,Watch
35.3,48.2,0.3,43.3,34.6,Safe
19.8,43.3,6.46,0.0,26.1,Safe
122.1,25.8,2.35,67.8,27.1,Warning
55.7,42.8,0.12,29.4,40.6,Safe
93.4,26.3,7.57,17.2,39.2,Watch
24.9,41.6,2.02,39.3,32.8,Safe
21.1,97.1,6.09,39.4,28.1,Watch
66.3,47.2,5.83,60.7,41.6,Warning
19.1,35.0,5.07,56.7,26.7,Safe
29.1,41.2,0.19,10.1,26.2,Safe
126.0,37.6,0.85,25.9,57.3,Warning
30.1,63.9,6.25,16.4,35.8,Watch
10.6,43.4,6.88,41.1,31.2,Watch
6.8,74.0,1.84,51.2,27.6,Watch
9.3,39.3,1.74,10.3,29.9,Safe
97.1,40.5,0.58,29.1,44.5,Safe
26.3,28.9,10.36,20.5,40.3,Watch
190.8,38.1,0.72,42.7,25.5,Watch
113.9,13.8,0.64,36.1,28.7,Safe
145.7,6.7,3.24,47.6,18.8,Warning
84.2,56.2,0.83,23.7,34.6,Watch
63.9,13.6,8.38,28.3,5.0,Safe
20.4,52.3,0.03,35.9,16.6,Safe
41.6,36.0,0.02,25.9,32.9,Safe
68.4,61.9,2.11,34.5,5.8,Watch
80.7,14.0,2.01,49.1,54.8,Watch
14.6,55.8,0.54,62.0,23.1,Safe
35.7,51.0,2.05,22.7,36.8,Safe
39.1,51.5,1.59,62.2,44.7,Watch
37.9,65.2,6.63,22.5,34.7,Watch
16.6,46.3,0.03,43.0,31.9,Safe
134.7,5.0,11.22,22.6,26.3,Danger
34.8,53.1,2.94,14.6,18.8,Safe
17.7,50.8,0.49,48.3,27.2,Watch
136.9,40.6,0.14,29.3,33.0,Warning
114.0,29.8,2.32,49.3,31.7,Warning
46.4,38.5,0.8,41.3,22.5,Safe
28.4,71.2,1.08,36.2,42.6,Safe
8.5,28.4,0.84,38.3,17.7,Safe
60.5,13.7,3.15,46.3,37.9,Safe
26.7,18.6,2.42,43.9,40.5,Safe
40.8,44.4,0.24,23.9,34.4,Safe
129.0,75.1,2.24,36.3,48.6,Danger
25.1,84.7,4.7,52.5,36.1,Warning
58.7,56.7,0.25,30.7,45.8,Safe
71.6,27.3,6.61,22.6,5.3,Safe
95.1,29.2,2.59,20.7,41.4,Watch
38.5,60.8,9.02,42.7,37.9,Watch
35.4,69.0,0.48,26.4,37.3,Safe
34.8,33.4,15.14,35.4,38.2,Watch
54.7,70.6,3.1,25.7,27.2,Watch
110.8,40.9,2.51,47.6,39.6,Warning
33.5,57.9,2.17,32.3,49.8,Safe
2.2,65.6,0.07,51.4,13.2,Safe
77.2,18.3,8.42,50.9,43.9,Watch
43.9,53.1,3.1,28.7,30.7,Safe
60.6,70.7,0.29,50.0,25.4,Watch
8.8,34.9,0.06,24.9,19.9,Safe
26.8,26.0,0.16,34.0,35.8,Safe
72.9,53.9,2.82,18.3,47.8,Watch
12.9,47.4,2.86,38.9,28.1,Safe
58.6,39.1,2.08,34.5,38.7,Safe
40.5,45.0,1.1,37.7,31.9,Safe
22.2,14.9,2.28,9.6,15.6,Safe
20.6,52.3,2.18,0.2,30.2,Safe
16.7,73.7,0.06,13.0,25.4,Safe
43.7,32.1,1.0,37.5,21.9,Safe
47.6,30.1,0.16,40.1,27.7,Safe
30.9,48.1,6.91,46.9,28.8,Warning
15.8,96.2,3.88,23.9,42.1,Warning
57.4,64.8,16.65,33.1,32.2,Danger
78.2,43.3,1.08,19.5,18.0,Safe
65.0,45.7,6.32,50.5,44.1,Warning
149.6,66.6,2.77,19.4,35.9,Danger
36.0,28.6,1.81,47.7,34.8,Safe
103.7,56.0,0.76,26.2,40.7,Warning
24.1,24.9,4.02,53.6,31.8,Watch
20.8,61.6,7.03,32.7,26.6,Watch
45.8,39.7,0.8,32.4,35.5,Watch
119.2,48.6,0.58,18.7,38.2,Watch
32.9,38.5,3.57,62.5,35.8,Safe
8.8,57.6,11.31,44.9,40.1,Watch
77.2,41.9,4.16,37.7,33.0,Watch
39.2,83.8,1.0,33.6,22.0,Warning
52.1,70.5,1.63,20.1,25.7,Safe
21.8,21.5,1.46,40.1,45.7,Safe
45.4,48.4,5.73,29.0,32.3,Watch
10.4,58.2,4.43,30.9,20.7,Safe
136.1,36.8,2.67,43.4,19.8,Watch
87.1,66.8,0.96,34.3,18.6,Watch
43.9,64.7,8.34,30.3,40.2,Watch
75.7,43.5,3.18,51.5,35.1,Watch
24.2,62.7,10.57,17.7,50.4,Watch
84.5,5.0,2.6,5.2,37.8,Safe
31.8,69.4,5.16,18.1,38.4,Warning
29.9,61.0,5.03,32.3,51.9,Watch
17.8,25.4,1.23,40.4,22.3,Safe
56.9,49.5,9.97,18.8,17.0,Watch
42.5,8.5,0.07,85.3,37.5,Safe
105.9,31.3,4.39,32.7,29.6,Warning
15.9,64.7,10.11,32.3,35.0,Watch
57.1,44.8,1.24,10.7,44.2,Safe
92.9,43.8,3.13,8.4,39.6,Watch
48.3,45.8,2.48,3.3,47.2,Safe
31.3,43.7,4.3,50.6,22.9,Safe
47.3,62.8,6.03,48.2,41.0,Warning
100.3,33.9,2.77,30.0,24.3,Watch
100.3,52.5,5.08,11.8,48.7,Watch
38.0,24.4,1.12,25.8,36.5,Safe
99.1,58.3,0.78,51.3,37.1,Warning
40.9,39.2,1.69,22.4,26.2,Safe
75.1,44.3,3.4,16.5,26.7,Watch
61.9,38.5,0.62,24.3,36.1,Safe
30.3,40.8,3.42,25.6,49.5,Watch
18.4,26.9,1.5,41.1,47.8,Safe
94.6,50.9,4.76,0.0,35.6,Watch
112.6,55.0,0.11,32.5,27.8,Warning
56.1,21.0,3.31,19.5,37.7,Safe
40.9,34.3,3.15,22.0,44.5,Safe
14.0,45.5,8.49,41.3,34.1,Safe
93.0,34.2,3.75,10.5,28.1,Safe
51.5,41.0,4.77,32.7,38.8,Watch
33.9,74.1,7.05,37.2,29.6,Warning
76.6,26.7,3.37,38.7,28.4,Watch
11.6,5.0,1.03,40.6,31.4,Safe
17.0,34.2,6.12,38.6,38.7,Safe
23.4,39.1,4.13,40.8,29.8,Safe
60.6,36.2,1.66,16.8,31.6,Watch
47.7,49.8,3.72,50.5,33.4,Watch
65.7,26.5,6.07,12.2,28.2,Safe
88.7,23.8,11.15,35.6,47.5,Warning
67.4,32.9,9.13,19.8,50.4,Warning
138.0,33.2,1.18,4.2,29.0,Warning
88.6,83.2,1.64,21.4,24.0,Watch
37.9,72.9,0.35,28.2,27.4,Safe
26.7,14.9,0.85,50.8,36.5,Safe
38.8,10.3,6.42,57.3,31.1,Safe
69.0,43.5,1.34,28.1,19.2,Safe
29.1,79.4,2.91,9.2,30.4,Watch
70.3,57.0,3.29,10.4,36.1,Watch
64.9,44.4,4.57,41.6,41.8,Watch
18.2,36.8,0.61,40.6,49.6,Safe
87.5,64.4,1.09,20.9,27.5,Warning
54.7,48.2,1.78,12.4,25.8,Safe
133.6,76.2,1.36,44.9,29.5,Danger
41.0,14.6,12.21,11.6,22.5,Watch
32.6,52.6,5.4,23.3,25.0,Safe
16.1,34.9,1.96,37.1,25.1,Safe
15.8,52.5,6.34,0.0,35.3,Safe
80.5,49.5,1.28,44.3,23.7,Watch
124.9,54.2,4.62,65.7,40.2,Danger
38.4,62.6,0.76,31.7,43.5,Safe
36.5,70.0,4.44,29.5,20.7,Watch
44.0,80.1,1.83,30.7,19.0,Safe
91.5,45.3,0.34,33.4,26.6,Warning
18.3,35.2,0.96,19.1,28.0,Safe
49.8,22.9,1.54,13.1,44.7,Safe
81.7,52.8,4.15,24.7,31.5,Watch
60.0,60.0,0.23,32.3,36.2,Safe
1.1,20.7,3.23,15.0,36.2,Safe
67.6,65.6,3.78,9.8,23.2,Watch
60.4,43.2,3.18,23.4,29.5,Safe
103.6,22.4,4.29,10.0,31.9,Watch
118.4,29.7,0.59,40.1,35.8,Warning
100.1,28.0,2.65,0.0,17.7,Safe
44.1,28.3,8.5,12.5,26.1,Safe
8.4,55.3,2.83,51.2,32.1,Safe
36.2,60.5,2.84,26.7,27.6,Safe
43.1,75.6,4.0,32.8,18.0,Watch
123.8,32.4,1.22,28.1,24.8,Warning
22.0,51.2,3.62,20.6,18.1,Safe
11.9,33.4,7.44,46.4,45.8,Watch
29.3,45.4,0.03,21.4,28.8,Safe
23.1,18.4,6.12,17.6,31.3,Safe
10.8,24.8,0.74,39.9,22.2,Safe
39.0,59.5,1.83,1.0,34.3,Safe
44.4,18.3,5.74,25.7,39.0,Safe
10.1,56.1,5.21,22.2,22.8,Watch
32.5,32.8,6.67,25.4,23.1,Safe
21.8,10.3,8.46,22.7,27.0,Safe
45.5,5.0,1.78,35.6,18.0,Safe
48.9,71.3,3.2,46.5,35.8,Warning
21.8,10.7,1.49,36.9,39.6,Safe
86.9,43.8,1.3,24.9,17.7,Watch
42.4,51.4,1.69,39.5,40.8,Watch
22.7,21.4,4.08,41.2,40.8,Safe
9.4,35.0,2.09,35.4,5.0,Safe
50.9,53.6,5.05,45.7,21.0,Watch
60.3,50.3,4.1,0.0,25.9,Safe
27.9,36.7,0.06,30.4,37.7,Safe
46.6,49.3,2.98,34.6,36.4,Safe
118.4,43.2,1.72,7.8,22.8,Safe
77.8,27.5,1.83,33.3,48.2,Watch
3.7,66.6,5.12,43.7,25.0,Safe
22.5,48.7,2.38,26.6,23.6,Safe
37.6,11.8,6.5,39.8,20.4,Safe
44.2,54.4,3.74,45.3,30.2,Safe
47.4,33.9,2.41,50.1,41.0,Safe
57.6,39.8,4.21,47.4,23.0,Safe
38.6,45.1,0.12,50.5,34.1,Safe
42.3,30.7,0.08,22.5,34.0,Safe
80.6,77.5,0.26,24.1,31.7,Warning
51.6,18.1,1.73,0.0,35.2,Safe
14.6,46.0,0.81,14.0,41.1,Safe
45.3,51.9,12.45,48.3,34.7,Warning
37.7,45.7,2.34,20.9,42.5,Safe
5.7,41.6,3.26,36.0,21.0,Safe
47.0,38.2,0.98,33.6,27.6,Safe
16.5,30.5,1.16,48.6,21.0,Safe
81.4,30.2,1.23,0.0,37.5,Safe
57.0,65.9,3.6,35.3,44.2,Danger
13.8,37.0,1.93,35.0,28.9,Safe
78.9,83.4,2.19,17.1,34.8,Watch
104.7,57.0,2.69,44.4,17.1,Warning
34.1,5.0,4.39,9.0,32.2,Safe
37.5,60.9,0.28,46.0,15.3,Safe
73.7,44.0,4.5,0.0,32.6,Watch
99.5,20.0,2.49,16.4,12.8,Safe
7.7,68.5,3.32,27.9,48.9,Watch
15.4,37.2,1.19,33.3,31.5,Safe
29.8,35.6,1.58,2.0,31.1,Safe
32.5,51.8,0.79,45.6,51.1,Watch
72.2,65.6,11.63,41.3,32.7,Danger
99.9,47.0,2.06,58.5,15.9,Danger
104.9,45.8,16.62,40.5,27.7,Danger
7.5,32.5,2.02,19.0,51.5,Safe
20.7,65.3,0.74,13.9,23.0,Safe
25.3,47.2,2.12,23.7,27.6,Safe
20.6,40.9,0.12,62.7,47.5,Watch
56.9,38.7,7.05,30.7,24.3,Safe
61.9,63.5,5.12,31.4,31.0,Safe
41.9,40.3,3.88,50.7,45.5,Safe
38.9,63.5,2.82,12.5,26.3,Watch
30.8,36.5,2.6,38.1,24.0,Watch
33.9,58.0,17.17,37.7,13.6,Warning
117.5,48.7,0.98,44.4,21.0,Warning
68.5,27.9,4.54,42.8,23.2,Warning
31.8,43.4,2.61,29.1,28.4,Watch
38.3,5.6,11.17,9.3,35.6,Safe
57.9,31.6,5.28,21.5,31.6,Safe
13.8,16.6,19.56,42.6,19.7,Watch
46.5,81.0,2.66,57.8,45.6,Warning
65.8,16.8,0.69,11.7,21.0,Safe
60.0,91.5,2.1,10.7,50.0,Warning
21.1,54.3,3.73,6.4,33.5,Safe
24.7,35.7,4.47,18.5,42.5,Safe
4.9,59.5,0.0,44.2,37.3,Watch
70.8,33.4,2.11,49.7,47.1,Watch
150.9,19.6,0.8,0.0,31.6,Watch
18.5,46.4,6.24,11.9,29.3,Safe
88.3,57.6,0.5,9.1,35.0,Watch
142.2,68.0,3.29,17.0,29.2,Warning
28.4,54.0,0.93,26.7,36.5,Watch
38.3,35.5,1.32,24.0,47.5,Watch
50.4,70.0,8.47,37.7,15.1,Watch
58.7,65.9,0.83,1.1,31.2,Safe
52.4,49.8,0.3,22.2,54.0,Safe
30.3,66.8,0.22,50.5,28.1,Safe
65.1,84.3,2.11,51.1,42.1,Danger
30.8,35.2,3.08,55.0,40.7,Safe
55.1,28.8,1.19,35.9,17.6,Safe
40.7,34.7,3.52,20.2,35.0,Safe
6.6,20.7,0.19,32.6,34.2,Safe
97.1,55.6,5.84,67.9,63.8,Danger
25.2,16.0,5.09,22.0,5.7,Safe
103.6,67.8,12.7,57.5,15.8,Danger
85.9,32.9,8.27,0.0,29.7,Watch
49.3,69.5,1.32,38.6,28.4,Safe
60.9,5.0,1.53,39.7,23.2,Safe
66.2,38.1,4.11,35.6,23.8,Watch
35.6,21.7,0.43,36.6,38.8,Safe
37.0,69.4,1.13,37.8,23.6,Safe
63.9,75.2,0.38,38.5,26.6,Safe
41.1,5.0,1.82,25.0,42.0,Safe
30.3,60.6,2.41,25.9,40.4,Watch
21.4,64.2,0.71,9.6,27.2,Safe
56.2,50.9,0.08,41.0,17.3,Safe
24.5,55.6,3.81,49.5,40.8,Watch
76.2,54.3,0.06,56.2,22.6,Watch
80.6,60.7,10.88,17.7,44.9,Warning
60.5,25.3,0.75,4.1,36.2,Safe
69.7,66.6,3.27,35.6,30.1,Watch
60.6,48.8,1.71,12.7,36.4,Watch
73.2,47.7,0.18,38.6,12.5,Watch
71.1,55.2,1.92,0.0,46.8,Safe
54.1,22.1,2.18,46.3,29.9,Watch
86.6,17.0,5.79,32.3,33.7,Watch
36.6,42.8,3.95,1.2,26.2,Safe
22.0,72.8,0.25,34.6,30.3,Safe
21.0,23.7,0.7,31.4,48.0,Safe
32.5,48.2,1.12,37.8,29.3,Safe
5.6,32.1,0.37,42.0,27.8,Safe
48.9,29.7,1.83,0.0,38.8,Safe
66.8,54.0,12.46,22.9,35.1,Danger
79.8,58.7,2.17,28.7,47.5,Warning
8.3,30.8,4.06,25.6,11.8,Safe
21.6,70.0,3.45,24.7,27.4,Watch
74.6,52.6,5.69,45.8,17.8,Watch
35.7,40.6,0.73,4.0,44.3,Safe
65.7,51.3,4.21,25.6,19.1,Watch
13.1,81.7,6.39,26.8,35.3,Safe
102.8,58.6,0.56,28.4,18.9,Watch
12.1,32.4,1.28,15.3,27.0,Safe
47.9,44.7,10.53,62.1,22.0,Warning
48.8,47.4,4.55,44.7,31.9,Warning
27.7,57.0,1.0,63.2,52.3,Watch
59.0,49.3,2.49,39.6,17.7,Watch
60.2,79.1,1.55,41.4,20.6,Watch
55.7,40.9,2.02,29.9,38.0,Watch
27.3,13.9,1.32,53.4,30.5,Safe
23.0,48.9,0.98,38.5,19.3,Safe
29.8,37.1,3.37,27.1,27.3,Safe
20.4,17.9,4.52,57.7,16.9,Safe
89.3,32.3,6.21,10.5,27.1,Safe
32.0,38.5,0.51,19.0,22.3,Safe
46.9,65.5,5.19,72.2,35.1,Warning
74.4,18.3,0.88,40.1,38.4,Safe
19.5,51.3,1.67,0.0,5.5,Safe
11.6,85.0,6.95,45.3,33.1,Watch
20.4,41.9,1.82,14.7,9.0,Safe
50.7,41.3,0.66,21.4,32.1,Safe
48.2,58.0,0.52,68.3,47.9,Watch
55.6,54.4,1.92,54.8,28.5,Danger
38.4,70.5,4.31,60.0,34.6,Warning
2.1,42.0,17.64,20.9,39.4,Watch
37.5,57.6,4.65,25.6,39.7,Safe
81.2,57.9,6.29,33.3,40.3,Watch
95.7,39.0,4.13,43.0,36.4,Danger
44.6,42.9,6.77,24.9,24.5,Safe
48.4,44.8,0.24,58.2,38.4,Watch
64.9,22.7,7.97,37.4,46.9,Watch
93.9,38.0,1.51,52.4,36.8,Watch
41.7,71.9,7.64,18.3,33.9,Watch
64.2,63.7,0.24,23.7,15.3,Safe
26.3,34.6,3.77,33.7,21.4,Safe
13.4,44.7,3.99,23.1,24.8,Watch
28.7,62.5,17.34,45.7,21.0,Danger
108.3,53.0,4.39,46.0,30.4,Danger
65.1,59.4,1.45,26.4,22.7,Warning
14.7,54.6,2.44,39.9,40.7,Safe
67.3,48.9,1.37,60.6,28.0,Watch
15.8,42.0,0.65,45.7,20.8,Safe
55.0,23.5,0.86,39.8,22.8,Safe
18.8,57.5,0.75,49.4,32.7,Safe
13.9,41.0,2.39,55.2,29.2,Safe
120.3,15.3,7.1,52.8,32.4,Watch
31.9,35.2,7.32,28.9,29.5,Safe
64.3,60.3,0.17,43.5,49.2,Warning
43.0,10.5,0.25,25.5,40.6,Safe
17.0,26.5,0.84,29.2,23.4,Safe
34.7,47.5,0.88,37.2,12.5,Safe
17.1,70.3,0.3,8.3,28.4,Safe
178.1,63.0,1.48,35.5,20.6,Danger
72.5,72.0,2.66,19.6,14.7,Warning
42.4,48.7,2.59,12.2,38.4,Watch
61.9,41.2,2.35,41.9,31.9,Watch
69.3,60.2,1.24,26.1,43.2,Watch
69.4,28.8,3.68,33.3,31.3,Safe
67.4,27.4,5.25,26.5,29.8,Watch
63.8,24.2,1.28,20.8,19.3,Safe
45.0,64.6,0.27,31.8,25.7,Safe
114.3,30.0,1.05,9.6,14.1,Safe
47.2,63.0,0.44,28.6,42.4,Safe
43.3,47.7,1.89,59.7,18.8,Safe
47.5,64.8,0.51,12.0,34.2,Safe
50.0,25.1,1.86,51.4,29.5,Safe
8.4,33.7,0.75,61.3,35.9,Safe
20.2,53.2,4.03,18.2,32.3,Safe
38.4,37.2,0.08,34.9,18.8,Safe
8.0,5.0,2.43,10.5,28.7,Safe
42.3,20.3,0.56,8.3,44.7,Safe
49.6,25.0,0.0,32.5,23.8,Safe
12.8,26.3,6.1,36.1,43.6,Safe
24.8,57.3,3.34,21.5,38.6,Watch
98.2,51.1,0.31,13.0,33.4,Watch
62.4,47.9,3.27,18.2,24.6,Safe
59.9,81.2,2.84,43.4,34.7,Warning
90.4,66.2,1.92,43.5,26.9,Warning
20.6,59.4,1.63,39.6,43.0,Watch
12.8,18.1,6.54,24.2,19.1,Safe
82.3,46.1,0.84,13.9,35.1,Safe
39.3,50.4,1.52,49.7,32.3,Watch
20.1,37.5,1.2,54.6,35.3,Safe
8.3,75.7,4.42,22.1,39.2,Safe
47.9,45.9,7.45,27.6,23.1,Safe
35.8,22.9,5.69,8.0,23.1,Safe
31.2,27.0,4.79,38.0,34.2,Safe
3.3,86.1,12.98,61.1,41.6,Warning
113.3,37.4,3.58,44.2,29.5,Watch
10.5,7.6,4.17,63.2,46.4,Safe
33.6,34.2,12.19,24.1,29.0,Safe
29.3,12.1,0.02,10.4,24.9,Safe
63.7,61.5,3.02,52.6,36.5,Watch
8.4,9.8,4.03,32.6,26.5,Safe
58.4,19.8,7.5,16.6,26.7,Watch
48.1,45.1,6.46,58.1,34.6,Watch
23.7,65.0,5.53,20.9,41.3,Warning
57.0,43.8,8.74,13.2,35.0,Watch
42.3,22.4,2.31,39.0,33.1,Safe
131.2,48.3,0.02,10.5,51.2,Warning
35.8,36.6,0.03,45.3,39.0,Safe
17.8,65.4,2.36,12.7,28.6,Safe
58.8,60.4,1.71,33.8,43.0,Watch
32.4,35.3,1.8,34.8,29.6,Watch
41.6,59.0,1.53,34.0,38.0,Watch
12.9,49.9,7.49,10.7,37.4,Safe
64.4,69.6,1.33,27.1,32.0,Warning
28.3,58.3,5.82,50.6,24.8,Watch
50.9,54.8,6.99,27.0,31.7,Safe
152.8,68.9,2.08,12.7,27.3,Warning
34.2,45.3,1.78,23.3,34.6,Safe
70.6,31.1,4.29,11.1,36.2,Safe
36.1,48.6,3.69,0.0,12.3,Safe
24.0,38.6,1.19,27.4,35.4,Safe
100.5,55.9,0.32,31.5,61.3,Warning
5.8,46.1,0.92,40.5,28.8,Safe
83.4,52.3,0.42,37.0,41.9,Watch
4.9,23.3,1.05,39.2,39.4,Safe
77.6,54.1,0.91,29.4,15.6,Safe
42.1,21.9,3.05,61.9,37.0,Warning
17.8,62.3,9.27,17.4,23.6,Safe
29.9,62.3,3.47,25.2,30.0,Safe
68.0,51.3,7.84,54.9,17.4,Warning
143.5,50.6,4.6,24.2,36.4,Danger
8.8,41.0,3.9,28.3,28.6,Safe
18.9,34.1,1.6,36.1,45.5,Safe
11.8,44.7,1.18,47.5,18.4,Safe
35.9,80.7,5.62,32.1,41.1,Warning
79.1,49.1,7.07,16.7,36.2,Watch
10.2,20.8,1.8,23.8,23.4,Safe
41.3,14.2,0.03,38.1,16.5,Safe
77.3,19.1,4.72,25.6,29.1,Safe
29.5,38.2,1.01,23.0,34.4,Safe
48.4,67.8,0.03,16.0,21.3,Safe
95.6,26.6,4.9,47.9,22.5,Warning
15.8,70.6,2.19,28.2,41.9,Safe
6.6,48.2,3.47,28.3,24.2,Safe
52.9,53.7,7.38,40.2,37.8,Watch
53.9,53.2,2.34,9.6,44.2,Watch
27.8,55.6,2.1,30.6,24.0,Safe
23.4,37.6,1.03,52.6,19.5,Safe
42.8,5.0,1.09,29.0,40.7,Safe
15.5,34.4,4.78,33.3,29.0,Safe
15.5,29.0,1.79,33.0,27.6,Safe
67.7,50.6,0.54,45.9,46.3,Warning
14.5,48.9,0.3,33.0,29.3,Safe
7.1,40.1,1.92,67.0,34.8,Watch
23.4,76.6,1.88,33.5,15.9,Safe
28.4,33.5,3.18,23.5,31.2,Safe
58.4,5.0,1.91,52.7,23.2,Safe
25.2,47.2,0.46,26.8,26.9,Safe
106.5,66.4,2.13,21.0,26.3,Danger
44.5,50.2,7.12,12.2,45.0,Safe
20.6,38.6,0.52,37.2,25.4,Safe
56.7,49.3,3.51,23.1,26.7,Safe
105.2,78.1,2.7,18.3,47.3,Warning
66.4,29.2,4.14,21.5,28.4,Safe
9.5,45.6,0.49,24.6,25.8,Safe
30.5,57.1,8.52,42.5,43.0,Warning
50.3,49.6,2.91,37.3,32.2,Watch
64.5,40.5,5.63,27.8,32.9,Watch
36.0,37.3,0.85,38.4,35.0,Safe
32.2,39.9,4.03,28.4,45.4,Watch
130.6,54.6,4.56,33.1,21.7,Warning
67.1,53.5,1.52,20.0,43.4,Watch
56.8,82.7,1.45,20.1,17.1,Safe
26.1,17.3,3.22,32.3,23.8,Safe
15.3,76.6,0.29,32.3,23.0,Safe
57.5,41.3,3.99,45.2,30.6,Watch
72.2,43.4,0.13,37.5,24.5,Safe
41.5,60.5,0.63,22.6,44.7,Watch
67.2,60.3,3.27,10.8,37.2,Safe
68.4,65.8,0.31,43.2,31.9,Warning
75.5,69.7,10.71,35.0,23.2,Warning
9.4,44.3,6.08,44.5,46.0,Safe
31.2,70.0,2.95,36.9,33.0,Watch
60.0,33.7,5.13,57.1,29.5,Watch
43.3,39.5,6.56,26.8,30.6,Safe
68.5,41.7,0.9,30.6,29.8,Watch
56.8,35.5,5.68,41.9,40.5,Watch
3.6,46.1,0.65,42.9,43.3,Safe
88.1,61.1,1.6,34.9,22.7,Watch
28.0,56.7,2.45,6.1,25.5,Safe
19.6,34.0,3.75,3.5,26.0,Safe
86.1,32.5,0.09,24.2,35.2,Safe
64.9,29.6,1.03,30.3,42.0,Safe
94.3,46.6,2.81,2.0,18.3,Watch
50.7,16.5,1.33,29.6,21.5,Safe
30.8,29.0,4.48,39.8,28.6,Safe
46.5,36.7,3.16,29.1,37.3,Safe
16.5,64.0,0.8,34.4,22.6,Safe
11.5,42.6,0.47,38.8,28.1,Safe
24.5,63.1,2.98,6.0,24.8,Watch
113.4,48.4,1.8,39.8,39.6,Danger
26.7,36.5,0.56,19.0,30.9,Safe
7.3,37.2,1.19,26.4,24.7,Safe
36.8,24.0,1.08,20.1,20.2,Safe
26.4,88.3,0.34,46.1,28.0,Watch
89.1,65.0,2.37,12.4,29.4,Warning
108.1,55.9,4.33,50.7,40.5,Danger
29.7,21.5,2.57,65.9,42.2,Watch
50.6,36.9,5.25,6.7,20.2,Safe
53.8,27.4,0.41,21.2,41.8,Safe
40.1,47.3,1.72,39.2,39.1,Safe
34.7,28.3,2.82,15.1,26.7,Safe
18.4,32.9,3.38,25.9,39.6,Safe
6.0,28.8,3.57,32.6,24.1,Safe
18.3,40.7,3.92,19.3,36.1,Safe
39.0,46.3,3.16,31.2,56.3,Safe
10.2,41.2,0.3,44.2,34.3,Safe
48.7,72.6,3.57,28.8,28.6,Watch
43.9,59.6,3.87,14.4,18.9,Watch
26.4,30.9,15.1,47.5,32.8,Watch
33.5,50.9,3.55,50.8,42.0,Watch
12.2,32.4,3.48,35.5,24.9,Safe
74.6,37.9,2.17,15.3,37.4,Watch
73.7,53.6,6.07,16.8,29.4,Watch
14.5,57.0,17.27,0.0,28.0,Watch
14.9,34.4,4.53,21.1,36.9,Safe
18.5,25.1,2.84,46.0,13.1,Safe
62.1,46.6,0.25,19.7,30.1,Safe
53.7,52.8,3.89,15.7,41.9,Watch
85.4,33.5,3.7,45.3,30.2,Watch
92.0,59.7,4.48,47.3,32.1,Warning
9.2,56.5,0.4,22.0,30.7,Safe
60.6,33.2,3.18,37.6,51.1,Safe
89.5,65.3,1.05,17.0,35.8,Watch
31.8,65.9,4.28,24.9,19.2,Watch
40.9,82.2,0.82,2.7,23.3,Watch
36.3,75.8,3.46,35.4,32.9,Watch
37.6,28.8,1.05,28.5,44.6,Safe
74.4,61.6,0.03,19.9,38.6,Watch
127.5,60.8,3.01,28.6,41.9,Danger
104.0,38.7,0.36,26.8,20.7,Safe
27.5,53.2,3.23,17.6,38.3,Safe
50.8,11.2,7.8,36.0,24.6,Safe
21.1,10.7,10.45,25.5,30.8,Safe
23.1,14.1,0.81,28.0,40.5,Safe
39.5,52.0,4.97,8.1,26.3,Safe
22.6,52.9,1.31,28.1,17.6,Safe
25.6,40.1,6.92,27.3,28.3,Safe
49.9,76.0,4.65,17.6,33.2,Warning
60.0,62.8,0.23,38.0,38.8,Warning
58.8,16.2,1.57,0.0,23.1,Safe
59.2,41.9,1.23,22.8,26.5,Watch
13.1,28.1,4.61,34.6,34.2,Safe
21.6,52.5,1.58,61.5,37.5,Watch
42.9,44.4,3.46,9.5,34.0,Safe
86.8,29.1,2.77,31.3,30.5,Watch
174.0,75.5,11.14,38.2,24.6,Danger
52.3,46.0,8.33,31.0,40.9,Watch
69.6,37.5,1.67,11.5,44.1,Safe
11.7,40.4,3.86,22.7,26.2,Safe
68.3,74.1,5.31,0.0,27.3,Watch
144.7,61.4,6.87,30.1,38.8,Danger
21.5,42.1,0.21,8.8,33.7,Safe
26.3,27.1,1.08,36.8,37.8,Safe
76.0,29.9,1.16,20.2,34.7,Watch
42.5,36.3,1.71,18.8,35.8,Safe
5.3,54.1,0.56,32.5,27.9,Safe
27.7,58.6,2.06,33.9,12.0,Safe
107.8,31.9,3.26,43.1,33.9,Warning
33.3,59.4,2.06,26.1,38.9,Watch
33.3,28.6,3.29,28.4,34.9,Safe
72.7,34.0,0.21,9.2,24.5,Safe
53.6,18.9,6.26,51.7,26.2,Safe
31.9,18.4,8.39,16.0,56.6,Safe
24.9,28.5,2.89,40.9,35.5,Safe
227.7,44.5,6.4,41.0,8.5,Danger
96.1,27.1,0.42,36.0,26.3,Watch
59.2,72.0,4.79,26.4,29.8,Warning
61.9,28.2,0.38,24.6,19.6,Safe
37.7,48.3,1.57,29.0,30.7,Safe
53.2,68.8,1.17,1.4,27.1,Safe
34.7,46.7,2.64,29.6,34.0,Safe
19.8,38.4,1.08,52.3,29.2,Watch
54.7,47.6,3.04,26.6,25.0,Watch
32.3,34.9,1.37,29.5,28.6,Safe
56.7,27.0,5.92,14.6,40.5,Safe
64.5,56.0,3.01,32.8,32.6,Safe
58.9,34.5,0.73,18.3,29.8,Safe
18.3,61.9,1.23,42.7,35.5,Watch
29.6,59.3,5.64,47.1,32.0,Watch
32.8,48.0,1.47,50.4,20.9,Safe
81.8,62.5,2.3,8.3,38.9,Warning
78.9,35.2,3.14,40.8,25.8,Safe
22.7,59.1,1.28,39.7,28.6,Watch
12.8,59.0,1.04,23.8,16.9,Safe
179.3,39.6,1.93,47.9,40.2,Danger
57.3,37.3,0.73,36.2,33.2,Watch
11.1,50.9,1.0,50.6,34.8,Safe
26.0,80.4,0.19,11.0,40.1,Safe
84.1,40.8,1.09,19.3,40.2,Watch
152.0,36.9,1.16,31.4,25.0,Watch
135.9,66.2,9.8,47.6,32.1,Danger
55.5,46.2,2.67,36.8,31.1,Watch
41.8,60.6,4.64,15.8,30.2,Watch
16.8,71.5,0.14,56.6,24.0,Watch
44.5,10.7,0.34,25.6,46.3,Safe
18.9,44.3,5.05,16.3,42.1,Safe
29.8,40.9,2.93,18.4,36.4,Safe
76.0,27.7,0.64,10.0,45.6,Safe
34.5,10.5,1.56,0.0,36.7,Safe
32.7,16.4,2.32,28.3,29.0,Safe
40.1,46.9,5.57,6.7,27.8,Safe
196.4,35.4,0.19,34.7,35.9,Danger
15.1,30.6,2.72,44.8,18.2,Safe
51.4,46.7,3.79,35.6,40.7,Watch
128.1,32.5,11.44,30.7,15.7,Danger
40.0,68.2,4.94,6.9,43.0,Watch
94.9,33.8,0.97,42.7,37.0,Warning
11.9,72.1,3.71,59.2,51.5,Warning
35.5,44.5,4.32,51.1,33.8,Watch
20.8,33.3,3.93,10.0,38.6,Safe
39.6,32.0,5.15,28.8,39.0,Safe
40.3,72.2,7.02,25.8,23.1,Watch
43.6,57.5,0.31,24.0,21.3,Safe
75.5,31.3,0.33,30.4,22.7,Safe
3.1,47.1,4.77,62.5,31.7,Safe
25.0,5.0,0.87,31.6,31.9,Safe
48.9,21.0,0.18,23.3,32.3,Safe
5.7,31.5,1.54,34.5,36.9,Safe
65.0,31.1,5.14,10.3,24.6,Safe
24.6,66.8,0.41,19.3,40.4,Safe
36.0,10.5,3.34,44.8,36.3,Safe
77.8,19.3,0.01,32.8,47.8,Safe
97.8,53.1,0.35,61.5,36.3,Danger
66.4,49.1,1.3,34.0,31.3,Watch
14.7,38.7,0.26,11.3,53.5,Safe
64.1,81.9,5.61,6.2,31.2,Warning
67.2,56.1,5.99,45.0,34.9,Watch
58.2,67.0,4.23,14.4,36.3,Safe
108.5,44.1,0.83,13.0,41.3,Safe
44.4,35.2,2.22,22.3,32.9,Safe
105.8,35.4,0.61,44.9,59.7,Watch
105.4,61.7,0.99,24.5,26.3,Safe
68.5,58.9,2.18,17.4,46.9,Watch
52.0,41.1,3.98,48.2,17.4,Safe
58.5,53.5,0.3,45.6,22.2,Safe
124.1,62.3,1.06,55.0,16.4,Warning
86.7,34.8,7.84,50.3,22.7,Warning
16.4,38.8,1.68,45.9,15.6,Safe
55.9,53.0,8.38,18.7,33.1,Warning
19.9,12.8,14.27,39.9,23.1,Watch
24.0,53.4,2.24,48.2,47.1,Safe
30.8,24.7,1.02,57.8,37.0,Safe
10.8,61.9,4.69,32.6,32.7,Safe
18.7,83.7,0.52,22.6,34.7,Safe
112.5,32.5,0.87,16.7,38.5,Safe
23.8,20.7,4.61,44.7,43.9,Safe
75.8,41.8,1.71,20.0,27.0,Watch
47.5,40.2,0.68,31.6,25.2,Safe
62.2,56.9,3.16,16.8,36.1,Watch
64.1,49.2,3.96,27.6,47.7,Warning
17.9,39.7,0.4,36.6,18.4,Safe
75.5,46.6,0.97,34.0,36.0,Watch
13.2,24.8,0.75,41.1,44.9,Safe
23.0,59.9,1.43,9.4,38.2,Safe
63.4,74.1,4.32,28.3,35.3,Warning
16.9,23.4,3.75,22.9,37.4,Safe
5.0,16.6,3.26,15.3,50.0,Safe
54.0,37.8,0.02,18.8,39.9,Watch
8.8,23.0,0.46,16.6,16.5,Safe
67.7,22.0,0.76,35.2,31.2,Safe
32.7,19.8,0.95,36.0,32.9,Safe
53.4,41.5,0.47,43.1,42.3,Safe
52.7,37.6,1.58,34.9,32.8,Safe
71.2,51.7,0.23,32.4,32.2,Watch
64.7,34.9,4.16,31.2,32.4,Safe
16.7,23.1,4.65,40.1,34.4,Safe
34.3,44.7,2.56,0.0,31.1,Safe
53.4,25.9,0.28,29.1,27.8,Safe
107.0,54.2,6.62,34.8,30.5,Danger
65.1,15.0,10.11,56.8,35.1,Watch
101.0,6.0,0.68,13.3,38.2,Safe
55.4,16.0,3.66,12.8,59.4,Safe
87.7,37.5,5.53,0.0,18.7,Safe
50.2,39.8,2.33,9.1,37.9,Safe
85.3,47.5,1.17,27.7,46.8,Warning
31.3,34.8,1.95,19.1,24.3,Safe
115.2,29.8,2.15,18.8,38.8,Watch
60.0,70.8,1.54,30.3,28.4,Safe
10.9,66.0,7.97,38.7,26.8,Watch
54.7,62.8,4.09,30.2,24.7,Watch
65.3,50.6,0.83,30.4,31.1,Watch
77.3,52.0,2.64,36.1,30.7,Watch
141.9,30.5,3.5,2.5,39.5,Watch
27.4,47.6,0.45,31.9,17.6,Safe
142.5,28.1,1.33,28.9,40.5,Watch
41.8,26.0,7.08,29.9,40.3,Safe
22.0,15.9,2.51,21.2,35.1,Safe
27.9,52.3,0.73,26.9,54.9,Watch
62.6,47.9,0.39,36.0,44.3,Watch
19.2,39.5,2.19,54.1,27.0,Safe
31.8,37.2,2.38,4.6,20.1,Safe
53.7,12.1,1.22,38.6,25.1,Safe
114.6,49.6,2.99,48.3,26.2,Warning
75.8,39.3,0.21,10.9,13.7,Safe
43.1,61.1,0.47,27.3,36.9,Safe
62.4,47.6,2.37,34.1,18.9,Safe
50.0,57.7,0.19,60.1,34.3,Watch
14.5,44.9,6.38,62.6,41.4,Watch
127.9,48.3,0.46,10.9,46.0,Danger
115.8,61.8,3.36,25.5,29.5,Warning
39.3,41.5,1.49,33.0,24.8,Safe
28.7,53.5,1.53,38.3,45.4,Watch
14.8,37.0,4.34,33.0,47.1,Safe
65.2,42.6,2.08,15.8,38.8,Safe
65.5,73.7,3.88,15.1,25.1,Watch
20.7,56.5,2.11,6.9,18.8,Safe
50.4,35.3,2.7,0.0,43.2,Safe
74.1,52.6,4.29,6.5,31.4,Watch
27.1,22.0,2.8,47.4,44.4,Watch
35.6,41.0,2.87,40.7,25.3,Safe
35.4,27.8,4.67,38.3,43.1,Safe
21.9,53.1,8.93,26.7,46.1,Watch
36.2,41.6,1.42,29.4,29.6,Safe
9.0,50.1,2.58,26.0,35.1,Safe
33.9,58.9,0.27,6.2,20.4,Safe
34.3,36.7,1.33,39.7,20.6,Safe
39.7,37.4,1.59,42.8,35.2,Safe
59.1,44.3,5.41,12.7,26.6,Watch
13.6,29.5,2.16,12.7,34.4,Safe
16.3,44.8,3.94,35.3,33.6,Safe
21.4,45.7,0.06,35.1,38.5,Safe
12.3,49.1,1.87,41.0,37.3,Safe
64.0,52.6,6.95,51.2,41.2,Warning
26.1,16.1,0.76,14.1,34.3,Safe
40.7,21.9,0.1,28.8,35.1,Safe
19.8,24.0,1.7,15.0,32.0,Safe
31.1,46.7,3.66,16.1,42.5,Safe
52.2,39.9,1.82,23.6,50.4,Safe
54.0,5.0,1.85,51.6,39.5,Safe
16.9,80.0,3.32,46.6,37.0,Warning
39.1,9.2,0.88,28.9,29.8,Safe
20.1,45.5,4.18,0.0,34.4,Safe
38.0,55.1,0.5,35.9,28.1,Watch
24.3,32.0,1.51,35.5,25.8,Safe
133.2,56.5,3.2,16.0,30.0,Danger
73.9,26.9,5.29,42.5,49.9,Watch
55.7,48.1,4.7,15.7,31.2,Watch
33.3,5.8,3.84,42.4,48.2,Safe
75.3,66.1,1.33,33.6,22.3,Watch
40.0,45.0,0.39,8.1,33.4,Safe
124.4,16.3,0.73,24.6,39.2,Safe
80.5,56.3,6.0,32.2,39.7,Watch
30.9,74.4,5.84,34.5,21.2,Watch
115.2,28.3,9.08,45.5,19.8,Warning
33.4,41.2,0.24,47.4,38.2,Safe
138.3,35.7,2.31,26.4,26.5,Warning
119.3,31.1,3.14,38.4,38.3,Warning
52.0,29.2,3.72,54.1,46.4,Warning
9.4,33.4,3.1,14.7,25.4,Safe
49.1,34.3,4.41,20.9,26.8,Safe
15.3,38.6,1.34,5.2,11.7,Safe
25.0,37.3,0.59,20.5,40.0,Safe
26.6,58.7,0.69,33.1,53.3,Safe
15.2,57.1,0.04,0.0,19.5,Safe
49.2,17.4,1.29,36.6,44.4,Safe
22.5,34.3,0.29,22.9,45.4,Safe
34.7,67.5,1.16,29.1,39.8,Watch
26.8,50.3,2.97,12.5,25.9,Safe
59.3,51.0,6.75,28.5,29.6,Watch
56.3,49.3,5.49,55.2,37.5,Danger
32.5,40.3,0.87,24.0,37.2,Safe
61.4,44.3,0.43,0.0,29.5,Safe
95.2,37.7,0.64,48.2,36.6,Safe
4.1,60.4,10.62,38.1,28.4,Watch
25.5,37.9,2.39,31.4,30.9,Safe
18.2,43.0,0.6,38.5,30.0,Safe
23.6,58.2,5.51,31.2,42.9,Watch
3.1,39.1,1.51,54.6,17.7,Safe
3.9,43.7,6.88,41.3,38.5,Safe
27.5,38.6,0.91,23.2,35.6,Watch
26.9,43.4,1.5,52.4,9.3,Safe
104.5,39.2,2.11,57.3,40.7,Warning
46.4,35.4,6.69,43.7,42.0,Watch
60.3,32.3,6.09,36.1,27.9,Safe
340.3,41.9,2.56,17.2,36.8,Danger
125.8,63.3,0.75,40.3,34.7,Warning
40.2,56.2,1.55,35.8,54.3,Watch
29.4,16.6,11.14,29.6,37.0,Safe
25.8,37.3,2.81,40.5,33.1,Safe
53.2,33.5,4.56,31.3,42.9,Watch
29.6,16.9,1.79,38.2,48.1,Safe
14.8,50.0,2.28,45.5,52.7,Safe
26.7,43.3,1.68,10.0,26.0,Safe
54.3,81.4,3.64,14.6,36.3,Watch
67.9,39.0,5.72,16.3,25.8,Watch
134.3,31.0,2.12,59.1,55.2,Danger
44.9,29.3,1.97,39.5,32.5,Safe
99.0,36.9,1.25,40.9,41.6,Watch
35.7,55.6,0.58,46.9,30.3,Watch
39.6,57.7,8.4,14.3,37.0,Warning
38.0,97.7,1.14,0.0,13.9,Watch
49.0,23.3,4.84,29.1,42.4,Safe
76.5,46.6,3.77,43.5,45.0,Warning
28.6,32.7,4.7,27.0,26.1,Safe
19.1,51.3,8.28,9.5,13.9,Safe
80.7,69.9,2.93,16.4,46.8,Warning
76.8,60.5,6.85,12.3,45.6,Watch
109.6,23.3,0.55,20.8,39.9,Watch
25.1,57.3,2.96,12.6,30.1,Safe
34.7,7.0,4.44,32.2,29.2,Safe
82.8,5.0,0.95,21.8,45.3,Safe
28.4,40.5,4.05,39.5,28.8,Watch
65.9,56.0,4.52,15.4,33.6,Watch
35.8,51.3,5.34,33.8,31.9,Watch
53.0,79.3,1.13,29.4,35.3,Warning
14.5,47.0,3.43,35.9,30.9,Safe
44.5,43.1,1.09,38.1,32.1,Safe
94.0,65.8,4.03,39.7,49.9,Danger
72.1,38.3,1.87,42.5,37.2,Watch
17.9,52.0,2.73,38.1,35.8,Safe
127.3,53.1,1.61,34.5,40.2,Warning
90.1,27.5,0.53,20.0,20.8,Safe
15.2,52.0,0.59,42.8,42.2,Safe
26.8,84.3,0.24,19.5,35.0,Safe
16.0,65.5,2.89,25.6,25.8,Safe
54.1,29.9,5.66,17.1,31.0,Watch
25.8,87.1,0.06,16.8,37.3,Safe
5.4,57.4,0.21,25.2,32.9,Safe
39.5,52.6,1.83,26.5,42.9,Safe
78.5,43.3,4.02,17.8,24.5,Safe
45.2,57.3,0.51,30.3,20.7,Watch
61.8,47.0,0.95,32.4,24.4,Safe
48.5,45.4,0.79,21.8,27.9,Watch
70.1,42.6,1.53,64.3,33.3,Watch
51.7,62.5,0.76,35.0,28.7,Safe
37.8,60.5,1.3,31.8,20.1,Watch
44.8,42.3,3.91,19.9,18.5,Safe
112.3,17.7,2.83,32.1,19.2,Watch
64.3,45.6,0.25,33.6,29.1,Safe
17.9,32.1,3.05,29.9,23.9,Safe
44.2,36.5,1.94,51.3,28.2,Safe
53.4,42.8,8.18,4.5,45.3,Safe
36.9,25.9,1.02,24.3,20.3,Safe
5.4,16.0,3.89,40.7,35.0,Safe
19.6,50.3,3.94,16.6,20.2,Safe
29.7,45.5,0.75,6.8,18.7,Safe
137.1,44.8,7.01,22.2,35.7,Danger
59.4,54.2,2.03,45.7,38.7,Warning
9.0,33.1,3.41,16.9,39.9,Safe
38.7,51.0,0.47,24.7,43.1,Safe
100.8,69.1,0.89,36.3,30.2,Warning
25.5,40.4,2.65,21.3,34.7,Safe
85.0,79.2,1.15,23.4,28.1,Warning
9.4,45.9,2.08,20.2,44.9,Safe
0.8,29.7,1.41,21.5,22.9,Safe
93.7,60.3,3.07,12.6,37.0,Watch
28.4,43.0,2.0,26.1,21.3,Safe
30.3,63.9,0.01,46.0,33.1,Watch
48.1,52.4,3.15,53.7,15.9,Safe
57.9,39.1,1.65,48.7,34.3,Warning
1.9,72.4,1.25,32.1,51.7,Watch
23.8,36.0,0.3,54.9,26.4,Safe
43.6,6.0,0.75,64.5,29.6,Safe
57.8,60.9,0.76,32.7,40.7,Safe
17.7,51.3,8.22,15.1,32.4,Watch
35.3,68.1,1.7,49.7,44.2,Watch
25.5,29.1,0.13,11.9,35.9,Safe
49.3,40.6,0.45,16.7,40.8,Safe
91.4,38.5,0.25,0.0,12.2,Safe
31.7,61.8,2.67,40.9,32.9,Watch
11.2,56.7,0.62,0.0,20.9,Safe
22.7,48.9,2.07,44.9,28.1,Safe
126.5,49.0,1.39,57.1,36.3,Warning
19.7,24.3,4.89,55.9,29.7,Safe
13.7,58.8,1.16,11.0,24.2,Safe
30.2,59.2,1.84,2.0,44.5,Safe
38.7,86.2,3.83,20.4,42.1,Watch
26.8,53.5,1.7,43.2,18.3,Watch
9.4,56.4,4.73,48.1,39.6,Safe
52.9,53.6,3.25,40.0,33.7,Warning
49.4,32.5,1.59,37.9,34.4,Safe
68.3,67.5,2.1,65.4,47.6,Danger
48.5,44.0,10.25,22.8,33.5,Watch
119.6,41.5,3.25,18.3,39.1,Watch
72.0,42.6,7.06,12.2,34.1,Warning
62.2,43.8,0.59,36.5,34.2,Watch
93.7,36.2,1.98,27.3,22.7,Watch
46.4,48.9,7.18,42.4,56.5,Warning
36.0,43.3,1.17,23.2,5.0,Safe
52.5,41.7,10.29,39.4,24.7,Safe
5.1,53.8,0.31,24.2,27.1,Safe
46.5,46.4,6.99,27.6,41.1,Watch
38.7,35.0,1.77,29.0,17.9,Safe
56.7,31.3,0.23,4.5,30.2,Safe
85.1,46.8,6.35,27.9,39.9,Watch
63.5,31.6,0.87,38.4,19.8,Safe
22.8,30.3,0.07,15.2,30.6,Safe
75.8,30.5,0.44,58.7,30.3,Safe
120.8,49.6,3.23,30.1,26.0,Warning
86.7,66.5,11.42,20.6,32.4,Warning
12.3,51.3,0.35,20.1,27.7,Safe
63.0,61.0,1.86,50.6,41.7,Watch
14.3,43.7,0.6,17.6,37.3,Safe
33.2,47.6,4.1,34.5,30.2,Safe
55.5,74.8,0.38,43.2,32.7,Watch
50.3,59.9,0.82,38.3,28.1,Safe
85.5,61.9,0.66,21.6,45.4,Warning
121.2,40.2,2.41,42.6,36.5,Warning
59.6,44.9,6.2,32.3,30.6,Watch
31.1,52.3,2.15,4.2,36.4,Safe
5.4,34.1,0.18,48.3,50.9,Safe
100.3,5.0,2.49,20.8,25.1,Watch
38.9,52.1,4.79,27.4,40.8,Watch
40.5,62.3,0.43,34.6,36.1,Watch
43.0,46.0,0.23,22.0,29.8,Safe
57.7,34.3,0.62,41.4,24.7,Safe
58.9,39.0,4.11,13.4,40.6,Warning
33.6,8.5,2.69,21.4,34.9,Safe
38.5,39.0,2.33,48.4,46.4,Safe
25.1,24.9,0.86,30.4,43.7,Safe
22.7,32.4,1.21,14.1,35.0,Safe
22.6,24.0,10.13,31.2,24.8,Safe
38.2,21.9,0.83,36.0,52.5,Safe
18.9,26.9,6.96,6.2,25.8,Safe
0.6,56.4,2.61,54.8,40.3,Safe
30.7,35.8,0.39,56.8,14.3,Safe
13.1,25.1,1.89,31.8,47.7,Safe
45.3,58.6,8.9,27.0,11.7,Safe
25.0,47.3,1.63,30.3,28.9,Safe
58.2,5.0,5.97,43.4,21.4,Safe
14.4,62.9,0.89,36.8,46.0,Watch
6.8,46.3,2.54,33.6,24.6,Safe
38.6,58.9,5.57,50.7,37.3,Warning
29.6,40.9,7.6,47.0,34.7,Watch
12.0,73.9,2.0,15.6,17.5,Safe
72.1,38.1,3.06,43.3,42.3,Safe
17.0,5.0,0.01,47.3,31.8,Safe
21.8,29.0,0.88,34.2,47.1,Safe
81.7,54.0,0.98,39.0,38.1,Warning
60.6,47.9,0.29,25.4,24.4,Safe
15.2,42.8,0.98,11.9,30.0,Safe
31.9,27.2,1.16,58.3,29.7,Safe
13.7,45.3,10.4,9.9,39.8,Safe
77.7,44.7,3.31,55.2,39.5,Watch
77.6,44.6,1.67,29.0,25.3,Safe
133.0,54.7,13.28,48.7,41.5,Danger
167.2,48.3,0.5,30.3,36.1,Danger
24.7,40.5,1.94,44.1,38.7,Safe
69.2,27.0,3.12,36.7,37.2,Watch
5.7,69.5,0.17,20.0,40.3,Safe
47.9,80.7,3.79,32.0,22.7,Warning
57.0,76.4,0.32,27.9,33.9,Watch
17.9,57.6,0.45,39.6,42.1,Safe
23.4,14.8,0.52,32.1,43.2,Safe
78.0,12.6,7.93,34.3,43.1,Watch
58.0,35.1,3.45,14.6,23.1,Safe
122.0,44.0,3.2,10.8,52.8,Warning
112.7,43.3,2.43,31.1,49.7,Danger
7.8,48.5,1.04,32.7,23.3,Safe
26.9,19.9,2.91,14.2,29.0,Safe
16.1,73.9,1.58,38.6,38.9,Safe
71.2,72.1,0.47,39.2,24.8,Watch
51.5,21.4,3.51,32.3,37.8,Safe
17.2,11.5,0.42,30.2,34.1,Safe
19.9,43.4,0.63,11.0,44.9,Safe
96.4,67.7,5.11,10.7,36.3,Warning
29.6,44.4,3.24,35.9,11.7,Safe
4.5,49.7,2.99,17.6,40.6,Safe
15.8,37.1,1.62,18.6,44.3,Safe
138.8,47.6,1.51,34.2,31.4,Watch
83.4,62.0,3.52,60.6,33.5,Watch
12.9,52.4,4.04,24.0,33.5,Safe
47.9,55.4,2.14,60.8,26.1,Watch
79.9,15.1,10.45,28.9,56.7,Warning
7.7,83.5,9.35,38.5,24.2,Watch
86.0,15.3,1.6,44.4,41.3,Watch
57.6,47.8,5.15,45.5,41.2,Warning
22.2,42.3,2.35,35.1,27.4,Watch
64.3,43.1,2.15,26.6,22.6,Safe
52.0,60.7,0.17,42.4,30.9,Watch
54.7,32.3,2.56,36.4,39.0,Watch
46.6,37.2,6.93,23.5,35.1,Watch
19.2,24.4,4.54,51.1,50.2,Safe
22.6,65.2,4.63,36.9,26.1,Safe
34.4,49.8,0.52,18.8,26.4,Safe
43.2,56.5,1.33,17.0,40.8,Safe
67.0,59.6,0.8,59.4,15.3,Watch
141.0,80.8,1.14,22.6,26.4,Warning
49.6,77.7,2.6,41.3,30.7,Watch
66.2,50.8,1.36,35.7,31.9,Safe
77.1,47.8,2.47,40.8,26.9,Watch
69.5,35.4,1.73,58.7,13.8,Watch
18.5,58.4,1.01,45.0,46.1,Safe
102.5,57.7,0.3,42.5,45.6,Warning
92.0,31.9,6.67,27.0,15.4,Safe
46.2,58.0,0.03,20.0,38.7,Safe
19.6,63.2,0.0,66.3,30.6,Watch
42.6,24.8,5.26,29.4,37.6,Watch
8.9,48.4,17.24,28.4,34.8,Warning
111.5,43.8,3.9,34.3,17.4,Warning
24.5,44.9,0.05,32.9,40.0,Safe
33.0,27.9,0.77,53.9,26.5,Safe
106.3,12.1,10.71,38.1,6.0,Warning
98.0,31.4,4.96,10.4,34.0,Watch
53.6,28.9,2.51,20.1,16.4,Safe
122.6,51.4,0.81,30.2,43.4,Danger
18.0,51.7,0.04,45.4,29.1,Safe
53.6,50.6,0.06,7.2,32.8,Safe
18.1,19.9,2.84,37.4,37.2,Safe
88.3,24.8,0.07,41.0,33.0,Watch
86.2,33.9,15.17,43.2,26.1,Warning
128.3,45.4,0.61,28.8,43.3,Warning
41.7,39.0,3.72,45.7,30.9,Safe
151.8,50.6,0.51,17.8,20.8,Watch
16.7,62.6,2.33,44.2,35.5,Safe
40.0,27.0,0.25,29.1,31.2,Safe
17.3,27.7,4.37,30.6,31.8,Safe
48.3,47.4,2.64,30.5,33.3,Watch
18.8,43.5,0.27,39.8,32.6,Safe
88.4,58.4,5.66,13.4,46.6,Warning
59.0,45.1,2.38,43.3,24.0,Watch
15.4,76.3,7.64,43.1,11.2,Watch
74.8,16.4,7.45,25.5,32.0,Safe
116.9,60.1,7.6,30.0,40.3,Danger
63.1,48.6,0.24,17.1,16.4,Safe
11.3,19.7,0.39,12.6,35.6,Safe
37.0,7.8,13.2,33.0,17.9,Safe
68.9,24.7,2.01,33.1,40.4,Safe
34.3,66.8,0.82,24.9,32.1,Safe
16.5,64.7,4.4,11.3,23.2,Safe
95.3,42.7,0.92,36.9,16.0,Watch
33.1,38.5,3.9,24.6,53.8,Safe
117.0,29.6,5.45,18.8,55.1,Warning
27.1,41.6,4.6,49.1,21.2,Safe
31.6,36.5,0.96,15.4,21.0,Safe
25.3,75.8,1.54,38.4,32.8,Watch
36.5,22.7,1.6,7.5,28.1,Safe
58.3,52.1,2.03,8.5,28.7,Safe
17.4,76.6,0.55,37.2,34.8,Watch
14.4,58.9,1.81,25.0,51.2,Safe
7.5,24.8,2.14,12.5,45.6,Safe
6.4,17.2,2.28,44.2,28.8,Safe
11.4,49.9,5.14,35.6,39.2,Safe
26.9,47.7,2.19,0.0,13.5,Safe
47.7,67.2,0.79,44.4,33.4,Watch
56.0,54.9,3.26,14.0,29.6,Safe
46.0,36.3,4.79,4.4,41.6,Safe
108.2,35.1,1.15,17.7,38.2,Watch
131.4,21.5,3.11,29.4,35.1,Watch
33.3,47.3,0.48,31.2,36.6,Watch
17.6,19.7,1.26,5.5,27.7,Safe
157.9,61.4,7.2,8.8,41.7,Danger
93.1,55.6,7.27,18.6,36.6,Watch
88.5,55.0,2.57,19.5,30.4,Watch
26.0,21.2,3.64,41.4,33.0,Safe
76.1,42.3,5.77,23.8,40.4,Watch
46.3,38.0,9.55,41.1,41.4,Watch
39.3,46.9,2.02,46.4,28.6,Safe
39.3,54.5,2.47,38.3,23.1,Watch
60.2,35.8,1.61,0.0,27.4,Safe
110.6,36.4,0.22,25.4,28.0,Safe
166.4,57.2,1.65,27.5,33.2,Danger
29.9,24.7,4.69,29.2,44.0,Safe
48.3,31.6,4.9,0.0,27.3,Safe
38.6,45.1,6.69,18.5,35.9,Watch
57.4,61.2,0.16,9.6,30.2,Watch
34.9,27.6,2.25,16.1,32.2,Safe
23.5,77.2,0.34,26.1,35.0,Safe
30.0,20.7,0.67,18.9,44.0,Safe
26.3,72.9,6.91,17.2,34.5,Watch
37.1,66.6,2.06,27.0,6.2,Safe
12.3,19.3,4.26,22.6,30.0,Safe
26.7,15.6,0.2,33.0,47.7,Safe
57.0,58.0,1.62,23.7,43.4,Safe
56.7,38.2,3.36,6.5,39.9,Safe
50.4,26.9,0.43,14.5,43.8,Safe
104.2,77.6,1.18,25.1,40.2,Warning
58.6,23.5,0.2,23.3,43.6,Safe
102.0,31.9,3.16,8.8,20.8,Safe
166.5,34.0,10.61,40.1,31.4,Danger
77.5,5.0,5.26,34.7,33.5,Safe
12.4,46.6,11.02,21.0,32.5,Watch
51.8,28.6,5.6,27.5,26.2,Watch
46.4,59.6,5.8,13.9,33.5,Safe
116.8,61.9,2.58,42.8,15.0,Danger
38.2,49.2,2.19,61.0,36.5,Warning
20.7,49.4,1.56,20.3,25.3,Safe
28.1,47.9,5.11,48.4,10.2,Watch
12.9,32.4,0.6,17.1,32.2,Safe
149.3,33.9,0.17,22.0,47.5,Warning
42.3,68.8,8.86,51.5,13.0,Watch
14.1,58.2,0.01,28.2,29.6,Safe
123.9,48.7,11.29,40.3,15.8,Danger
137.8,55.8,3.92,26.0,34.6,Danger
47.6,43.9,1.19,3.0,40.7,Safe
11.7,48.3,3.59,65.1,23.9,Safe
28.7,55.7,5.11,26.7,27.8,Safe
35.0,7.7,0.84,32.3,30.5,Safe
43.4,61.3,4.42,19.0,44.4,Watch
16.0,60.0,4.89,41.7,18.0,Safe
81.9,30.9,0.86,40.6,27.5,Watch
4.0,67.4,0.13,6.6,47.7,Safe
91.1,5.1,0.68,32.6,24.7,Safe
104.3,51.4,0.67,43.2,28.1,Watch
31.1,45.7,0.2,48.0,33.8,Safe
39.6,39.4,3.88,39.7,55.3,Warning
113.1,45.3,1.43,41.0,20.8,Watch
67.0,55.5,6.47,21.9,39.6,Warning
32.0,12.5,0.87,11.6,20.1,Safe
35.2,63.0,1.81,25.3,21.9,Watch
60.5,37.6,3.06,11.2,26.9,Safe
140.5,63.3,6.3,18.9,36.6,Danger
36.0,56.6,2.23,18.7,26.5,Safe
31.2,37.2,1.4,15.9,33.3,Safe
43.1,43.6,6.05,38.0,24.8,Safe
43.3,44.6,1.11,14.8,32.8,Watch
53.0,73.9,0.25,57.5,19.0,Watch
39.7,24.5,1.77,44.8,19.3,Safe
94.8,37.1,4.61,47.8,26.9,Warning
19.3,16.5,0.09,19.7,38.1,Safe
57.3,47.2,2.64,33.0,33.9,Safe
59.0,33.8,2.71,14.4,24.3,Safe
20.9,36.0,7.92,33.3,20.7,Safe
56.9,71.7,1.01,3.5,42.3,Watch
60.1,30.2,0.98,45.9,45.6,Watch
1.9,42.1,1.74,20.3,37.1,Safe
17.6,36.7,1.32,34.5,35.6,Safe
119.5,37.9,4.0,37.3,10.6,Watch
25.6,94.9,3.08,21.7,37.9,Warning
14.1,13.8,4.27,18.0,47.9,Safe
6.1,56.6,5.15,28.2,42.7,Safe
16.1,88.7,7.69,42.0,42.2,Warning
38.4,64.4,1.69,27.8,15.4,Watch
13.1,45.8,12.54,39.0,25.0,Watch
67.6,23.9,0.73,41.9,30.6,Safe
20.6,68.5,3.76,27.1,24.9,Watch
53.3,61.9,2.29,28.3,20.4,Watch
108.2,17.5,5.09,32.1,36.2,Watch
103.8,39.2,1.94,47.1,42.0,Watch
52.6,23.3,4.6,24.9,18.0,Safe
15.1,5.0,7.99,47.1,42.4,Safe
40.5,22.9,3.95,33.8,34.2,Warning
53.9,46.9,4.49,19.0,48.2,Safe
186.7,55.4,0.21,29.4,39.9,Danger
6.0,39.2,0.69,13.2,33.3,Safe
40.6,69.7,10.98,9.8,33.4,Warning
65.9,63.5,3.54,39.1,32.0,Watch
45.8,42.7,2.47,42.0,50.2,Warning
49.6,40.5,1.37,29.5,38.1,Safe
21.7,51.9,0.14,30.7,28.3,Safe
80.9,44.7,1.38,21.3,37.7,Watch
43.4,19.3,2.07,32.5,36.7,Safe
49.5,39.7,0.71,59.7,27.8,Watch
86.8,57.0,0.57,45.1,23.8,Watch
32.8,68.7,2.13,28.9,43.8,Watch
100.0,62.3,2.64,27.6,29.4,Watch
12.6,51.0,0.82,24.4,28.8,Safe
51.6,71.2,2.66,8.8,37.8,Safe
20.5,52.6,6.92,22.8,26.8,Safe
15.9,43.4,1.92,40.1,34.3,Safe
139.5,71.6,5.84,16.0,28.2,Warning
13.3,58.0,7.86,25.8,6.2,Watch
44.0,68.4,0.29,13.2,35.9,Safe
12.3,23.6,0.3,41.8,34.6,Safe
95.8,29.5,1.94,10.9,35.5,Safe
30.1,30.3,2.66,38.9,11.2,Safe
86.5,48.3,1.66,45.4,18.5,Watch
64.4,77.8,1.19,25.1,43.6,Watch
169.0,24.5,3.07,19.7,32.7,Watch
9.8,61.3,0.01,37.1,13.1,Safe
17.5,23.4,10.33,54.0,32.8,Watch
83.4,83.1,0.79,50.1,16.3,Warning
53.5,16.3,7.47,28.9,26.3,Watch
34.7,58.3,0.35,16.8,34.5,Safe
149.0,60.8,0.82,26.5,34.6,Danger
41.7,56.2,0.8,4.7,42.1,Safe
21.2,29.2,16.68,21.7,36.7,Watch
87.3,26.0,0.01,36.8,37.3,Safe
42.8,67.9,3.06,24.5,28.2,Safe
45.4,63.9,6.11,21.0,23.5,Warning
68.3,63.6,3.35,29.2,32.5,Watch
70.2,65.8,1.35,26.0,42.2,Watch
17.3,17.4,9.53,41.3,40.3,Safe
33.2,16.8,6.72,10.1,30.0,Safe
11.2,32.9,1.71,37.9,31.4,Safe
54.1,36.4,2.56,29.3,23.0,Safe
137.8,34.4,10.28,36.5,43.5,Danger
18.0,50.0,12.15,9.2,48.2,Watch
9.1,65.1,1.79,43.2,36.4,Watch
24.4,39.7,5.64,38.1,15.6,Safe
34.5,30.3,1.08,55.1,38.7,Safe
70.6,59.6,1.39,17.5,48.5,Watch
31.7,39.9,0.54,21.2,20.8,Safe
54.8,46.9,0.7,3.2,40.5,Safe
27.6,39.0,3.21,17.6,30.1,Safe
36.0,51.1,2.14,51.5,44.4,Safe
20.6,26.7,0.79,34.4,20.4,Safe
15.1,58.1,1.55,19.1,27.7,Safe
72.4,44.4,1.4,32.0,16.3,Safe
29.2,31.2,13.11,29.1,35.4,Watch
57.7,54.6,5.76,1.4,37.5,Watch
20.3,31.2,1.47,4.1,35.4,Safe
41.9,32.0,7.36,46.6,26.8,Safe
4.1,23.4,1.26,41.0,27.6,Safe
31.1,14.3,3.31,7.7,28.7,Safe
22.3,54.6,10.2,28.1,40.9,Warning
93.2,66.0,1.48,19.3,17.5,Watch
12.8,36.9,3.42,46.3,28.6,Safe
37.2,30.6,1.05,36.7,17.3,Safe
53.6,12.4,0.93,13.4,27.9,Safe
84.5,5.9,2.56,31.8,31.9,Watch
76.6,58.1,11.63,29.4,53.0,Danger
39.6,9.5,1.81,29.4,25.3,Safe
44.1,24.4,8.32,22.3,42.3,Safe
93.2,50.1,7.37,30.4,14.9,Danger
39.0,46.6,0.88,17.2,32.4,Safe
47.7,50.8,1.54,12.2,32.4,Safe
95.3,45.1,3.09,11.3,39.5,Warning
184.4,38.6,2.19,14.3,26.5,Warning
50.8,24.5,0.3,36.3,24.2,Safe
61.4,33.6,15.2,36.7,11.2,Warning
75.1,39.8,4.19,51.9,35.3,Watch
94.6,11.0,1.73,26.6,25.6,Safe
86.0,30.8,2.89,40.5,42.3,Watch
25.8,38.3,0.27,30.7,37.1,Safe
53.3,32.6,2.05,34.5,43.9,Safe
86.4,38.8,8.01,42.1,23.3,Warning
108.3,57.0,6.81,38.7,34.0,Danger
37.3,59.2,1.23,31.6,33.9,Safe
52.4,72.2,2.27,20.8,27.0,Watch
56.9,17.9,3.59,34.1,44.3,Watch
43.0,37.4,1.25,50.5,39.8,Safe
51.4,67.1,0.2,32.6,52.3,Safe
258.4,13.6,2.11,24.1,38.9,Danger
36.1,23.8,2.76,42.3,50.7,Safe
38.3,33.9,0.02,9.2,50.5,Watch
8.0,81.8,0.3,24.6,27.1,Watch
6.5,27.5,0.7,15.3,17.3,Safe
59.8,64.5,1.28,28.2,48.9,Watch
86.6,44.5,2.34,48.7,38.9,Warning
75.9,24.4,1.04,39.6,37.2,Safe
20.2,95.4,0.97,2.0,27.5,Safe
72.9,48.5,6.11,20.7,36.0,Watch
37.9,51.8,0.47,7.5,42.2,Watch
30.8,54.6,2.05,45.9,38.6,Watch
11.5,53.2,9.16,21.3,25.9,Safe
22.6,83.7,2.94,31.1,47.4,Warning
60.9,77.1,3.79,31.9,33.2,Danger
52.9,28.2,1.69,33.1,38.8,Safe
47.3,81.3,0.06,0.0,40.4,Watch
3.5,32.4,3.12,35.4,53.3,Safe
47.7,50.8,3.0,21.8,36.1,Watch
25.5,18.9,0.35,42.7,31.5,Safe
53.2,63.7,1.86,33.0,51.1,Watch
96.6,39.5,7.41,39.5,43.1,Danger
28.8,24.3,0.69,19.1,35.1,Safe
45.1,66.4,1.85,13.1,34.4,Watch
148.4,70.9,1.85,43.4,12.4,Danger
51.3,71.5,4.99,38.5,31.1,Danger
41.0,17.6,5.22,33.3,18.0,Safe
20.5,73.3,4.27,33.3,5.3,Watch
74.3,39.6,1.36,36.3,26.0,Safe
17.4,81.9,0.22,10.6,18.2,Safe
99.5,56.2,1.29,46.1,28.4,Danger
67.0,49.5,3.42,27.7,35.1,Watch
26.2,45.2,3.64,28.1,37.1,Safe
21.2,44.8,10.06,23.7,30.9,Watch
21.6,32.8,1.81,0.0,19.1,Safe
6.7,25.8,3.0,38.6,30.8,Safe
58.8,38.5,2.32,15.0,21.3,Safe
4.2,66.4,0.49,31.6,46.0,Safe
39.0,19.9,1.86,17.7,30.5,Safe
37.0,69.1,2.36,24.8,20.6,Watch
32.0,47.6,9.03,24.0,21.5,Watch
58.5,59.1,1.37,17.3,32.1,Safe
26.3,60.0,11.75,26.6,32.6,Watch
47.8,61.7,2.34,22.8,30.1,Safe
99.5,45.4,0.83,14.4,41.9,Watch
63.6,45.9,0.64,47.6,22.4,Watch
29.7,61.1,0.46,18.0,42.0,Safe
41.9,26.3,1.81,38.4,31.1,Safe
32.0,23.5,0.07,40.0,40.6,Safe
36.6,36.6,1.77,43.9,25.7,Safe
48.9,50.2,13.37,21.8,39.8,Watch
11.0,79.6,3.33,27.0,23.9,Watch
8.4,45.9,4.28,27.5,48.5,Safe
19.0,81.0,0.38,37.9,31.2,Watch
60.5,54.3,1.92,26.4,27.7,Watch
66.6,36.8,1.01,36.9,20.3,Safe
73.7,65.6,6.74,26.2,33.7,Warning
19.7,40.6,0.6,46.8,30.5,Watch
44.9,49.5,1.84,29.8,18.6,Safe
30.5,20.9,2.66,28.0,24.6,Safe
37.8,17.8,2.16,35.1,12.5,Safe
30.0,55.0,5.32,54.5,20.7,Safe
51.0,64.9,0.79,20.9,30.8,Safe
23.6,80.0,1.42,45.6,35.5,Watch
92.1,30.4,4.71,17.7,28.8,Watch
92.6,71.3,2.25,30.7,36.7,Warning
59.2,68.7,1.54,18.1,22.4,Watch
84.8,36.2,0.09,24.4,36.4,Watch
10.5,70.0,4.2,19.8,31.2,Safe
95.7,62.0,10.75,40.5,29.9,Danger
55.2,65.6,2.91,22.5,32.0,Safe
24.8,84.0,5.83,38.0,26.0,Safe
22.7,64.8,2.18,22.1,16.7,Watch
118.1,6.5,0.79,29.9,21.5,Safe
74.5,50.8,0.04,51.9,17.9,Watch
37.0,16.8,3.18,18.8,29.7,Safe
10.4,47.7,2.04,19.1,38.8,Safe
99.1,46.7,4.57,26.3,46.8,Watch
15.2,34.5,3.56,29.7,27.4,Safe
30.9,26.5,13.26,39.3,30.4,Safe
37.0,35.5,2.14,30.6,50.8,Safe
22.4,38.9,1.67,33.7,28.0,Watch
35.7,42.6,1.01,12.7,25.7,Safe
41.4,46.9,1.94,34.5,30.7,Safe
35.1,55.5,6.19,34.9,27.8,Watch
52.9,39.4,0.13,40.1,25.2,Safe
121.1,68.0,11.44,25.1,17.9,Danger
11.0,44.3,15.02,29.9,47.9,Watch
47.0,61.6,2.73,40.6,37.5,Watch
15.3,39.5,1.21,14.1,48.2,Safe
9.9,94.4,0.76,3.1,41.5,Safe
80.5,53.4,0.97,13.4,32.2,Watch
50.0,74.4,0.15,20.4,15.3,Safe
9.2,32.5,1.93,46.1,22.9,Safe
35.6,37.0,0.18,60.4,28.5,Safe
19.0,40.5,3.8,16.4,22.4,Safe
36.7,89.5,1.4,28.7,13.8,Watch
68.3,41.2,0.67,22.1,23.1,Safe
63.4,30.2,2.36,37.2,30.1,Watch
30.2,68.4,10.92,34.2,47.9,Watch
83.1,46.1,3.56,16.9,25.3,Watch
104.8,41.1,2.03,20.7,38.6,Safe
69.1,34.0,4.5,27.9,22.2,Watch
26.2,53.8,4.01,48.5,29.8,Watch
37.6,64.1,6.67,20.2,31.7,Watch
118.5,59.2,0.69,6.7,48.0,Watch
32.1,36.4,5.87,49.5,5.3,Watch
63.6,27.2,1.07,37.5,23.9,Safe
22.1,5.0,8.49,12.6,34.5,Safe
83.5,28.0,0.99,34.6,36.2,Watch
19.9,38.3,7.85,42.2,20.2,Safe
38.9,43.9,9.96,31.4,31.6,Watch
62.0,40.1,0.47,50.4,32.1,Watch
134.8,95.4,11.01,38.3,46.7,Danger
49.3,53.8,0.27,34.6,34.1,Watch
33.8,22.7,0.74,33.1,30.6,Safe
31.7,56.8,1.76,32.0,25.0,Watch
81.0,52.0,15.15,43.2,38.1,Danger
58.4,26.1,2.01,27.8,29.5,Safe
67.3,50.2,2.4,44.2,26.3,Watch
113.0,54.5,3.56,34.7,22.2,Warning
43.6,63.4,10.35,31.6,29.0,Warning
55.5,13.0,4.59,25.4,39.0,Watch
31.4,56.7,0.76,25.5,26.9,Watch
21.4,70.4,1.08,34.8,32.3,Safe
25.2,79.0,0.31,45.2,26.4,Watch
2.3,22.9,3.1,37.6,33.7,Safe
61.5,42.4,0.6,19.3,32.8,Safe
57.1,44.1,0.89,6.0,24.1,Safe
60.6,57.2,6.57,41.1,40.3,Danger
20.1,42.0,1.19,70.2,17.4,Safe
25.6,32.1,2.51,25.9,43.4,Safe
24.9,48.9,1.52,23.0,35.3,Safe
89.1,38.9,0.23,42.3,37.9,Watch
48.0,55.1,1.35,17.1,15.5,Safe
43.3,30.4,1.57,52.4,31.5,Safe
71.7,26.6,6.78,36.2,47.3,Watch
25.0,68.7,1.18,29.6,30.5,Watch
54.5,85.9,1.43,18.4,33.3,Watch
146.4,77.8,4.58,43.2,20.6,Danger
98.7,43.7,4.27,23.3,17.6,Watch
53.9,64.0,4.8,40.6,34.3,Watch
44.5,32.6,9.22,36.0,25.2,Safe
60.2,54.1,4.76,49.4,26.5,Warning
108.0,34.5,1.57,32.4,32.6,Watch
102.9,67.6,5.17,76.7,38.9,Danger
120.2,65.2,2.13,38.3,37.3,Danger
50.0,82.4,0.98,32.2,33.0,Warning
4.1,40.9,1.08,24.2,40.9,Safe
139.7,73.4,0.76,43.2,42.4,Danger
21.3,54.1,0.47,24.5,30.7,Safe
70.9,46.4,0.61,18.4,48.7,Safe
4.2,51.1,0.2,23.0,21.1,Safe
42.6,75.6,6.58,27.1,16.7,Watch
32.2,42.6,8.02,63.7,45.8,Warning
120.4,43.5,2.65,34.4,25.0,Watch
54.4,7.8,5.51,20.1,5.3,Safe
42.3,42.4,0.61,46.3,28.7,Watch
58.9,49.8,6.96,32.8,44.3,Warning
1.1,31.3,2.12,49.4,28.9,Safe
24.5,26.9,0.21,58.7,14.2,Safe
27.8,11.7,0.46,7.6,29.1,Safe
65.6,34.5,1.11,0.0,30.1,Safe
17.3,70.6,0.13,59.9,28.6,Watch
48.4,18.3,1.11,19.7,24.8,Safe
39.2,59.2,0.19,4.5,25.3,Safe
25.6,60.8,0.81,22.1,39.3,Safe
27.1,89.2,0.93,15.5,26.2,Watch
38.9,63.7,15.54,18.4,33.6,Warning
5.9,62.2,0.81,42.8,33.6,Safe
72.4,51.6,0.82,24.6,25.8,Safe
21.2,45.0,3.48,5.7,24.5,Safe
33.8,60.3,5.88,30.5,32.7,Watch
117.5,67.5,1.47,17.2,15.5,Warning
73.3,48.1,6.25,26.3,51.9,Watch
14.5,68.3,1.25,27.1,26.3,Safe
0.8,96.9,0.66,42.7,28.1,Watch
60.7,46.3,1.2,22.4,39.4,Safe
34.9,46.8,2.82,40.5,30.3,Safe
48.6,43.3,1.37,6.1,27.8,Watch
71.6,47.4,3.35,43.5,18.6,Danger
79.6,67.0,0.81,49.5,33.0,Warning
29.7,46.6,3.62,26.5,26.5,Safe
38.4,48.4,1.28,17.7,52.8,Safe
55.7,40.5,1.83,13.8,29.9,Safe
58.4,53.8,2.45,29.6,9.3,Watch
48.3,35.9,3.48,48.2,41.5,Watch
108.9,22.9,0.82,23.6,22.0,Watch
57.9,53.1,5.42,46.7,33.1,Warning
70.9,80.6,3.84,12.7,46.0,Warning
51.3,39.8,0.8,24.7,28.9,Safe
17.2,26.3,11.06,29.3,30.0,Safe
24.4,79.5,3.28,33.2,41.3,Safe
13.9,45.8,1.81,25.0,46.3,Safe
85.8,62.0,0.51,48.7,30.6,Warning
9.1,31.9,2.29,48.9,52.2,Watch
37.2,45.2,0.54,27.4,14.6,Safe
31.0,70.2,1.68,22.2,23.0,Safe
30.3,47.4,1.58,21.0,27.2,Watch
32.6,47.6,3.82,45.5,42.6,Safe
122.7,18.2,0.64,20.0,34.3,Safe
5.4,59.2,5.18,8.1,25.2,Safe
99.9,30.9,1.18,10.3,20.7,Watch
34.8,65.2,1.76,40.0,17.1,Watch
76.0,48.6,4.44,9.5,37.2,Watch
44.3,50.2,2.95,24.0,28.1,Watch
15.3,58.9,1.1,31.5,42.1,Watch
106.4,51.8,1.46,4.8,17.7,Watch
95.6,75.9,1.09,32.7,36.3,Warning
16.4,73.1,2.71,25.1,31.6,Watch
64.0,23.1,1.21,1.4,25.9,Safe
25.4,41.9,3.88,32.9,26.6,Safe
9.6,60.1,2.6,35.9,33.0,Safe
21.2,28.0,0.47,32.8,31.7,Safe
102.3,16.8,1.11,37.6,23.1,Safe
77.3,31.3,0.75,33.9,37.2,Watch
32.9,42.9,1.48,41.0,44.1,Watch
102.6,5.0,2.18,15.8,29.6,Safe
90.7,24.9,2.12,9.0,37.8,Watch
21.3,13.0,4.21,12.6,30.4,Safe
119.5,65.6,0.63,17.8,56.1,Danger
30.8,61.8,8.78,60.3,32.1,Watch
34.3,50.0,1.26,18.0,39.0,Safe
5.6,46.8,1.07,22.2,43.7,Safe
25.0,54.8,3.47,26.5,25.6,Safe
37.4,27.0,4.91,24.6,39.1,Safe
52.4,67.6,1.43,57.2,40.6,Warning
15.4,46.7,4.12,4.1,36.3,Safe
22.2,61.5,6.46,62.8,39.6,Watch
121.2,60.8,4.37,32.2,25.5,Warning
86.6,54.6,0.1,44.4,53.5,Warning
97.7,50.6,5.27,30.3,8.0,Watch
39.9,49.3,4.47,42.2,23.6,Safe
53.6,43.9,3.32,15.8,18.6,Watch
65.0,53.7,4.28,9.7,49.2,Watch
120.1,48.7,11.65,68.9,30.7,Danger
9.4,36.2,1.69,58.7,22.6,Safe
27.2,56.0,0.21,14.2,25.9,Safe
50.0,50.0,1.85,40.7,16.8,Watch
44.5,66.8,0.14,47.4,38.3,Watch
21.9,12.4,1.05,39.9,39.3,Safe
61.1,45.7,2.65,26.9,35.0,Warning
28.1,32.0,1.11,60.4,24.8,Safe
42.1,35.7,3.47,40.3,47.3,Watch
59.2,55.1,5.18,16.1,39.8,Watch
29.2,19.2,1.64,24.2,14.6,Safe
72.9,47.4,6.91,14.0,30.1,Warning
82.3,45.5,0.25,28.4,20.4,Watch
22.7,26.1,5.5,27.9,46.7,Safe
27.9,47.8,5.29,41.3,27.5,Watch
17.6,31.3,1.17,41.1,18.2,Safe
41.4,84.6,1.06,35.8,30.5,Warning
52.4,66.6,1.09,35.4,47.9,Warning
31.6,46.2,5.0,45.6,40.6,Watch
51.3,37.2,5.35,26.6,26.8,Watch
27.3,54.1,1.2,0.0,30.3,Safe
28.0,58.8,2.69,61.7,41.9,Watch
54.4,49.6,0.45,16.3,45.9,Safe
29.6,26.7,1.9,40.4,16.5,Safe
39.7,41.2,20.16,24.9,33.5,Watch
55.8,46.4,0.52,51.0,28.5,Watch
50.8,50.2,8.84,15.6,27.1,Watch
27.6,50.6,5.22,19.3,45.4,Watch
88.1,58.2,10.75,22.5,18.5,Warning
63.0,69.2,0.59,38.3,40.1,Danger
50.0,63.2,0.72,33.3,9.2,Safe
15.5,55.6,0.05,38.5,24.7,Safe
45.3,22.4,3.87,31.9,32.3,Safe
24.5,66.4,3.1,44.0,18.9,Watch
59.7,59.7,0.59,44.2,54.0,Warning
0.8,40.4,4.7,52.7,24.8,Safe
33.9,45.5,1.07,35.2,24.0,Safe
26.6,46.2,0.44,35.1,25.1,Safe
73.1,37.1,1.65,56.5,37.8,Watch
5.9,13.5,0.29,48.0,41.1,Safe
43.2,24.9,0.92,37.8,27.6,Safe
62.4,28.7,1.39,9.1,35.2,Safe
134.9,9.6,5.73,4.7,35.9,Warning
28.0,25.0,4.72,39.2,17.6,Safe
53.0,65.5,1.75,39.8,30.8,Watch
6.4,53.7,3.87,19.2,25.7,Safe
41.5,27.5,2.52,35.3,16.4,Safe
92.5,32.6,1.25,16.3,34.1,Safe
135.8,67.1,3.88,38.6,42.1,Danger
56.7,66.7,3.45,39.0,32.4,Safe
8.8,46.3,2.9,38.9,6.3,Safe
102.5,66.1,2.89,35.0,27.4,Danger
8.8,31.2,3.45,25.6,23.1,Safe
14.0,49.1,1.46,26.8,49.8,Safe
108.4,18.5,6.1,47.4,28.6,Warning
39.2,38.4,0.53,36.2,15.9,Safe
25.4,45.5,6.46,37.3,31.5,Watch
68.5,14.7,1.26,31.3,38.4,Safe
47.2,55.7,0.4,39.8,33.0,Watch
86.9,58.7,2.75,44.4,24.0,Watch
48.8,63.2,1.41,20.6,27.4,Watch
49.7,87.0,5.07,38.9,39.7,Warning
84.8,52.5,1.69,26.6,33.0,Watch
38.8,43.8,3.31,34.7,52.3,Watch
19.1,16.2,1.11,42.5,33.0,Safe
71.3,52.1,0.71,8.2,16.7,Safe
32.9,55.1,1.47,13.7,30.0,Safe
51.8,20.6,2.8,20.1,26.4,Safe
4.7,40.7,3.21,19.0,16.5,Safe
37.5,45.2,2.59,27.6,33.3,Safe
26.9,54.5,13.28,55.4,27.8,Warning
4.5,60.4,3.52,47.7,33.5,Safe
38.5,35.3,8.04,21.3,50.3,Watch
39.5,48.6,0.38,43.0,30.7,Watch
54.6,55.3,0.19,29.4,42.2,Watch
91.4,41.7,1.12,35.2,30.1,Safe
81.6,37.4,0.44,15.3,36.2,Safe
28.6,57.8,2.24,10.2,33.2,Safe
48.0,41.8,2.2,41.0,34.7,Safe
60.3,23.5,2.57,30.5,30.7,Safe
29.3,69.7,4.1,37.8,46.5,Watch
9.8,25.4,10.66,53.9,38.3,Safe
35.3,43.3,6.32,26.4,33.2,Safe
94.0,50.8,0.38,26.6,41.1,Watch
9.3,53.2,1.24,56.5,33.3,Safe
17.3,48.1,0.89,30.3,43.2,Safe
21.0,5.0,0.58,18.0,20.2,Safe
17.5,32.4,2.36,41.0,53.3,Safe
68.7,50.3,2.42,26.4,33.7,Warning
24.5,43.0,0.77,17.7,20.6,Safe
70.0,54.2,3.73,31.3,39.5,Danger
43.1,63.4,3.96,42.4,44.9,Watch
6.9,54.1,0.06,12.6,21.8,Safe
29.8,31.9,1.51,12.3,27.3,Safe
83.3,35.3,6.63,28.8,42.1,Watch
46.9,74.4,2.2,13.5,37.6,Warning
31.7,41.8,1.28,10.9,27.6,Safe
94.8,43.3,0.88,30.1,29.5,Watch
15.7,54.2,0.84,46.6,19.5,Safe
25.2,67.3,0.32,41.8,22.1,Watch
78.0,28.8,5.1,28.4,15.3,Safe
67.8,36.1,0.27,49.2,28.5,Watch
14.4,16.1,1.04,56.0,38.8,Safe
58.9,39.7,0.14,37.4,29.3,Safe
24.1,55.2,4.56,24.5,43.2,Safe
4.2,38.4,0.12,53.4,25.5,Safe
32.2,76.7,1.11,52.8,17.1,Watch
141.5,47.1,2.56,33.8,43.5,Warning
84.3,43.2,1.58,48.3,35.7,Watch
40.2,38.7,0.99,18.3,44.3,Safe
8.6,20.5,0.97,0.0,28.6,Safe
4.4,43.4,4.8,15.4,47.9,Safe
43.2,51.5,10.95,33.1,21.2,Warning
56.1,42.9,1.28,28.9,29.1,Watch
69.3,49.2,0.12,44.4,36.1,Safe
63.8,32.9,0.11,7.7,27.3,Safe
67.7,22.6,4.27,8.0,34.3,Safe
51.2,43.1,2.41,41.4,44.5,Watch
93.4,49.0,4.59,8.5,35.8,Watch
26.9,42.0,3.59,25.9,30.2,Safe
42.7,48.7,7.14,30.4,44.3,Safe
6.9,59.0,6.51,20.2,37.1,Watch
26.4,58.9,4.66,38.7,31.9,Safe
82.7,60.4,1.93,0.0,31.2,Watch
66.2,63.1,1.11,57.5,28.3,Watch
2.4,53.9,2.12,25.0,40.4,Watch
148.4,51.4,2.09,27.4,40.8,Warning
46.9,80.0,2.83,70.4,44.7,Warning
47.6,59.1,0.62,9.6,36.3,Safe
25.0,29.8,3.2,14.3,26.6,Safe
29.9,11.5,1.83,51.1,35.3,Safe
46.6,40.7,2.9,6.7,26.4,Safe
63.6,56.2,0.82,37.4,33.6,Safe
53.0,62.3,1.71,20.9,46.1,Watch
26.7,22.5,0.71,5.8,43.8,Safe
18.8,58.1,6.25,37.9,41.1,Warning
17.7,65.4,2.01,38.3,31.8,Watch
87.1,56.0,0.76,30.0,41.0,Warning
80.1,52.5,0.13,61.0,25.6,Warning
59.5,42.6,3.38,18.4,17.4,Watch
86.7,36.7,0.72,43.0,34.7,Watch
37.8,59.1,13.69,34.9,28.2,Warning
75.4,55.5,2.29,44.6,49.8,Danger
61.7,39.1,1.02,22.4,48.3,Safe
76.8,90.8,3.22,9.2,25.1,Warning
16.0,17.8,0.97,19.8,38.9,Safe
50.7,40.8,5.15,29.0,12.3,Watch
31.3,31.1,1.11,40.2,35.4,Safe
3.2,51.9,13.33,30.3,35.1,Watch
96.7,9.9,2.79,33.2,22.1,Safe
80.3,67.8,5.58,55.9,33.7,Danger
54.0,63.1,0.23,29.6,22.7,Safe
19.9,49.8,1.28,22.0,40.5,Safe
6.6,39.4,4.01,36.6,33.9,Safe
3.2,57.9,3.19,4.3,46.9,Safe
26.2,50.9,0.65,4.2,16.7,Safe
68.4,62.1,1.32,28.0,23.3,Watch
31.6,42.8,0.92,16.0,27.1,Safe
60.0,41.7,2.85,20.9,36.9,Safe
62.1,64.4,1.27,44.0,34.7,Warning
67.7,56.4,1.11,37.9,36.3,Watch
5.2,41.9,0.7,28.8,25.5,Safe
21.6,51.6,1.58,31.2,13.0,Safe
59.2,48.3,0.65,23.6,24.4,Safe
111.0,53.4,9.86,42.7,46.1,Danger
90.9,67.9,0.5,41.9,25.8,Watch
52.0,38.7,7.34,44.9,33.8,Watch
97.4,33.4,1.68,44.2,32.6,Watch
51.7,49.9,1.42,30.8,33.8,Watch
9.0,35.3,0.79,19.5,18.6,Safe
66.9,28.6,3.03,27.5,40.2,Safe
93.0,62.9,3.47,31.7,31.0,Warning
134.4,39.8,1.89,19.9,55.1,Watch
25.6,11.4,0.17,54.4,28.3,Safe
14.4,60.3,7.52,54.5,41.8,Watch
75.6,37.1,11.79,28.2,28.1,Warning
56.7,55.4,1.69,45.5,51.2,Warning
53.0,64.5,2.85,38.4,39.3,Warning
98.4,48.4,1.8,22.6,19.1,Safe
75.4,8.4,1.17,36.2,46.1,Watch
60.6,9.7,0.24,18.4,39.8,Safe
28.5,32.9,1.83,16.8,27.3,Safe
71.2,44.0,5.12,37.2,15.9,Safe
13.8,66.6,0.05,37.3,44.0,Safe
51.6,50.2,2.62,70.4,49.3,Warning
40.6,92.1,6.38,27.7,43.2,Danger
8.5,18.2,0.74,22.1,40.7,Safe
56.8,47.2,0.61,43.8,37.6,Safe
25.7,37.0,4.44,29.6,42.6,Safe
55.8,49.2,0.88,20.3,29.4,Safe
17.8,76.5,0.64,21.2,13.9,Safe
75.9,77.7,1.42,27.3,39.6,Watch
122.6,46.0,1.5,45.8,35.9,Watch
13.8,60.5,6.22,36.5,18.0,Warning
17.8,48.9,2.89,17.5,10.1,Safe
11.5,25.6,1.56,57.5,32.8,Safe
35.1,45.3,2.29,16.4,30.4,Watch
55.2,35.9,9.24,18.9,29.6,Watch
68.2,43.9,0.36,47.5,37.8,Safe
50.8,29.7,0.7,52.5,24.5,Safe
66.7,47.8,9.85,35.3,38.9,Warning
39.5,50.5,9.46,10.6,38.9,Watch
25.4,57.7,0.59,31.5,5.4,Safe
18.2,50.6,0.47,9.5,31.3,Safe
36.2,74.4,1.64,67.3,34.0,Danger
18.6,84.5,0.15,34.3,39.5,Watch
54.0,37.7,3.19,42.0,37.5,Safe
18.9,62.5,0.24,24.4,14.5,Safe
27.8,83.1,0.18,57.1,33.0,Warning
86.8,62.9,1.99,22.5,29.4,Warning
92.5,57.9,9.5,17.1,42.7,Watch
90.6,12.2,1.67,34.6,20.0,Safe
40.0,35.0,1.32,43.2,32.0,Safe
26.3,37.6,18.58,61.9,40.7,Warning
60.0,70.0,2.28,54.2,39.6,Watch
19.3,31.8,1.41,47.9,30.5,Safe
70.5,43.5,1.46,19.7,43.8,Watch
24.3,60.1,0.65,19.4,24.7,Safe
35.0,31.0,2.15,16.8,39.3,Safe
71.6,50.0,1.73,27.7,41.0,Watch
6.2,47.7,0.95,1.3,18.3,Safe
25.2,60.8,0.52,50.5,45.0,Watch
54.8,56.9,1.12,14.6,15.5,Watch
63.5,56.3,2.13,12.8,35.7,Watch
56.4,48.6,0.18,23.9,27.3,Safe
34.6,14.8,0.5,9.9,42.1,Safe
76.7,47.5,8.85,39.7,35.3,Danger
17.6,46.0,2.35,15.5,49.9,Safe
16.9,58.8,0.2,37.5,43.4,Safe
54.4,37.4,3.54,43.9,33.3,Watch
15.8,45.8,0.19,21.8,44.1,Safe
125.4,46.3,4.03,19.2,31.0,Watch
25.8,32.2,4.16,18.0,21.1,Safe
75.7,24.2,3.16,13.8,27.4,Watch
13.3,51.9,3.95,23.7,30.9,Safe
108.3,63.1,0.28,31.0,5.0,Watch
42.1,33.8,3.89,9.3,45.8,Safe
25.2,41.1,0.44,20.4,31.0,Safe
32.7,59.9,1.24,32.4,41.6,Safe
21.9,61.7,8.58,30.5,33.6,Watch
34.9,49.2,2.1,0.0,16.6,Safe
14.1,52.5,10.27,39.5,32.8,Watch
25.9,54.6,0.28,48.6,30.8,Watch
74.7,57.8,1.95,21.4,25.1,Safe
48.8,25.7,0.19,4.0,28.1,Safe
17.3,79.5,2.98,18.5,32.3,Watch
35.9,49.9,0.25,18.1,7.5,Safe
93.3,58.1,0.58,48.0,35.6,Danger
28.5,31.3,0.9,13.6,38.0,Safe
15.6,41.7,4.14,24.6,37.0,Safe
61.9,51.8,0.54,55.2,29.2,Watch
3.5,12.5,5.62,32.4,51.6,Safe
33.3,28.8,0.42,32.9,37.1,Safe
98.8,31.9,0.11,28.5,27.8,Safe
35.1,22.0,1.51,44.7,19.6,Safe
79.8,46.9,11.65,36.1,18.4,Watch
15.4,43.7,0.35,57.8,36.0,Safe
34.0,70.6,0.32,59.4,39.2,Watch
31.5,24.8,4.17,34.7,33.2,Safe
59.5,49.2,1.12,29.4,31.4,Watch
43.9,29.2,3.79,32.5,28.6,Watch
107.7,14.1,0.67,21.5,36.9,Safe
27.2,55.6,1.85,32.0,24.2,Safe
43.5,57.1,0.92,8.4,31.8,Safe
32.5,54.9,1.8,19.3,32.9,Safe
41.1,21.3,4.4,41.8,37.8,Watch
38.3,46.5,4.31,38.1,23.8,Watch
19.1,55.8,2.18,28.1,22.0,Safe
71.9,62.1,7.91,36.3,32.5,Warning
23.6,56.3,0.92,52.6,34.1,Safe
22.2,62.4,0.82,24.2,31.9,Safe
9.0,64.2,2.85,8.5,5.0,Safe
26.6,46.9,2.91,39.4,35.3,Safe
23.4,54.0,0.14,38.0,57.7,Watch
4.6,63.0,2.81,41.4,41.2,Safe
34.8,52.0,1.41,12.0,12.4,Safe
104.5,66.6,4.13,7.5,27.9,Watch
10.9,60.7,4.95,34.0,30.0,Watch
40.6,33.6,2.41,32.9,28.8,Safe
34.1,21.5,0.01,24.6,19.6,Safe
65.3,45.3,3.03,51.7,23.1,Watch
68.7,23.7,4.15,29.9,41.3,Warning
157.1,46.5,0.86,48.5,39.5,Danger
50.1,44.9,1.87,43.2,30.9,Warning
20.8,68.4,10.12,13.7,41.5,Watch
25.9,54.1,1.06,16.7,25.4,Safe
28.2,62.6,0.76,10.8,28.6,Safe
24.2,36.2,0.71,36.5,28.4,Safe
121.8,72.5,2.45,31.5,16.5,Warning
66.5,61.1,8.97,50.3,29.4,Danger
59.2,52.7,2.81,38.9,48.4,Watch
16.0,12.5,1.08,10.5,47.3,Safe
68.3,66.2,3.05,23.1,33.2,Safe
88.5,76.9,2.94,0.0,29.8,Watch
34.6,45.2,2.73,34.4,49.7,Safe
25.7,45.6,0.52,71.9,29.5,Safe
109.5,35.7,3.02,32.0,26.8,Watch
22.9,15.6,1.69,33.0,41.6,Safe
20.9,34.9,0.06,29.7,14.9,Safe
17.9,74.9,2.33,35.3,30.9,Safe
39.1,64.4,13.6,27.7,31.3,Warning
50.0,31.1,1.29,39.3,37.2,Safe
80.5,34.6,10.11,18.4,26.1,Watch
61.1,83.4,0.3,19.0,30.3,Watch
60.4,26.6,3.96,10.6,32.9,Safe
97.7,32.1,0.36,29.5,29.5,Safe
17.1,37.3,0.96,13.4,30.1,Safe
10.3,20.6,2.54,51.8,40.3,Safe
63.2,35.3,2.7,23.5,37.8,Safe
37.7,35.6,4.48,0.5,37.2,Safe
80.7,28.8,2.87,13.0,15.6,Safe
40.4,68.9,2.7,32.0,36.3,Warning
25.0,24.0,7.3,39.8,23.6,Safe
63.9,42.4,1.81,35.3,51.9,Safe
44.3,29.2,0.77,17.7,31.9,Safe
40.5,41.2,0.53,21.4,30.0,Safe
176.1,28.4,1.53,19.7,47.2,Danger
92.8,46.4,3.74,38.5,44.1,Watch
69.6,50.8,0.13,31.7,29.6,Watch
45.4,70.2,0.41,23.3,20.2,Safe
42.5,34.4,0.34,20.1,14.4,Safe
32.6,74.1,2.64,22.2,21.5,Safe
48.8,30.5,0.83,30.1,35.2,Safe
27.8,40.7,0.55,50.1,30.5,Safe
13.9,76.8,2.7,32.8,22.6,Watch
40.1,97.3,4.3,25.0,28.1,Danger
51.8,75.3,1.21,23.8,49.2,Warning
80.9,41.0,2.59,55.5,43.2,Watch
21.0,54.3,0.31,42.4,49.5,Safe
42.8,57.3,8.21,44.7,25.1,Warning
60.8,51.2,1.23,41.2,40.1,Safe
59.8,26.9,17.98,29.3,39.0,Danger
117.9,49.2,11.53,48.0,46.7,Danger
33.1,35.9,4.53,8.0,32.1,Safe
19.5,27.6,0.06,53.3,24.2,Safe
44.9,39.4,2.35,41.1,23.0,Safe
34.5,50.7,0.27,37.3,31.9,Safe
29.9,63.0,6.77,18.6,32.8,Watch
26.7,40.4,4.68,44.0,34.7,Watch
51.9,43.6,10.76,47.2,18.0,Watch
23.7,59.5,2.81,19.4,44.9,Safe
69.6,46.3,2.22,19.9,18.5,Safe
67.3,51.9,2.2,14.5,44.9,Watch
55.3,46.4,1.47,38.2,28.8,Watch
17.1,48.6,1.9,28.5,50.5,Safe
50.3,25.6,3.03,61.8,14.5,Safe
84.5,47.2,8.11,7.0,43.8,Warning
73.0,70.7,2.72,16.9,21.7,Warning
66.2,48.0,5.84,30.2,21.0,Safe
42.3,30.0,5.96,40.0,48.6,Safe
40.9,71.6,2.19,39.3,39.5,Safe
93.8,58.0,1.28,31.3,17.2,Watch
51.3,58.8,3.06,35.3,34.0,Watch
51.8,58.3,1.77,31.8,46.0,Watch
208.9,24.7,0.25,45.7,37.6,Watch
32.6,56.7,1.42,21.7,32.3,Safe
4.1,69.9,15.38,23.4,43.5,Warning
36.4,36.4,0.15,40.3,35.7,Safe
38.1,10.3,3.58,53.6,15.4,Safe
50.8,51.6,5.52,20.5,33.0,Safe
59.4,45.6,3.14,33.6,36.8,Safe
5.1,17.1,2.53,24.3,34.2,Safe
60.3,55.9,3.69,38.3,28.0,Safe
39.8,54.5,1.68,5.4,36.6,Safe
33.7,18.6,0.29,24.8,33.8,Safe
8.5,79.0,9.84,21.4,12.1,Watch
106.8,58.5,1.7,24.9,18.7,Watch
29.5,11.0,3.28,0.0,35.1,Safe
66.8,59.7,2.27,60.4,39.5,Watch
20.7,59.2,0.17,0.0,24.2,Safe
52.4,70.5,9.16,37.1,39.4,Warning
34.2,33.8,4.72,10.6,37.0,Safe
65.4,60.0,0.48,11.3,30.1,Watch
33.3,40.7,11.99,32.1,36.3,Watch
19.9,35.0,4.01,40.4,36.0,Safe
41.2,29.4,1.92,13.9,40.8,Safe
39.7,10.7,2.84,13.4,41.2,Safe
49.9,54.7,0.34,10.6,21.6,Safe
79.1,40.1,2.47,33.2,24.7,Safe
16.1,5.0,0.23,14.3,46.8,Safe
76.5,46.4,2.36,49.3,40.8,Watch
13.9,65.8,2.41,12.7,38.4,Safe
63.7,21.5,6.22,38.1,39.9,Watch
65.0,32.2,3.87,53.2,43.4,Watch
28.3,52.9,0.86,31.0,33.3,Safe
21.7,5.0,6.58,3.1,28.2,Safe
20.7,35.4,2.55,36.0,37.6,Safe
44.2,51.2,2.8,26.3,31.7,Watch
67.9,34.9,0.56,29.4,47.5,Watch
37.3,21.6,5.85,53.8,47.3,Safe
3.5,22.5,8.02,30.8,40.9,Safe
26.8,16.0,4.47,37.7,19.2,Safe
26.0,33.6,8.48,20.1,21.0,Safe
59.1,64.0,1.08,25.8,18.8,Safe
61.3,87.5,5.92,46.8,33.9,Danger
46.7,45.7,2.01,32.0,41.2,Safe
76.6,58.8,0.54,34.3,28.9,Watch
80.4,28.1,3.32,45.0,25.5,Watch
28.1,7.4,3.46,54.5,33.0,Safe
20.3,78.3,1.01,12.7,24.2,Safe
39.3,34.3,0.08,22.6,34.7,Safe
46.6,57.9,0.67,51.9,29.6,Safe
27.0,47.9,1.53,59.9,25.4,Watch
240.8,62.9,0.55,26.1,33.2,Danger
102.8,62.2,0.65,34.1,40.9,Watch
25.0,50.0,1.49,35.3,16.8,Safe
16.8,52.0,9.79,33.5,33.7,Watch
23.3,66.8,4.33,33.7,11.0,Watch
81.4,37.6,1.16,50.5,29.5,Safe
82.7,73.0,9.09,3.0,39.0,Warning
103.6,32.3,3.11,20.2,42.2,Warning
19.8,46.4,1.82,39.6,26.8,Safe
59.0,56.3,1.9,22.6,26.6,Safe
21.4,15.7,1.59,34.3,29.7,Safe
118.2,69.9,0.8,46.3,21.0,Warning
20.4,53.6,1.47,54.0,33.6,Safe
13.4,100.0,2.25,34.2,22.0,Watch
15.9,82.5,2.25,52.3,37.6,Watch
41.3,44.8,4.3,32.1,24.8,Watch
67.3,77.1,1.33,25.4,28.8,Warning
64.3,60.3,3.78,6.9,37.0,Warning
16.5,49.2,2.59,15.0,38.4,Safe
30.7,15.1,9.8,30.1,37.9,Watch
27.6,19.4,1.46,30.4,34.6,Safe
14.4,45.1,6.94,33.4,21.1,Safe
27.1,36.1,5.16,57.5,31.7,Watch
100.7,49.1,3.05,41.3,30.3,Danger
12.6,69.7,3.19,42.1,27.8,Watch
48.9,60.6,0.27,57.4,32.7,Watch
102.3,32.5,9.0,24.7,23.4,Warning
98.9,61.6,0.34,22.4,31.7,Watch
121.7,28.5,2.49,48.3,29.0,Warning
52.3,24.4,1.2,37.3,27.4,Safe
57.8,51.9,1.69,29.3,20.8,Safe
27.5,30.3,2.83,29.1,20.6,Safe
12.4,33.4,7.19,27.4,45.4,Safe
37.2,62.9,1.84,28.5,33.1,Safe
88.0,56.8,13.2,30.0,50.1,Danger
3.4,38.3,2.7,25.5,50.6,Safe
28.5,15.7,0.53,38.3,44.3,Safe
61.8,31.8,0.63,41.2,19.2,Safe
41.8,80.0,3.78,21.5,46.1,Watch
95.3,62.4,0.16,43.5,30.7,Watch
82.1,70.6,1.96,10.9,29.2,Watch
10.8,49.6,0.48,37.6,27.8,Safe
44.4,38.7,1.7,38.3,28.5,Safe
22.3,61.3,4.16,28.7,36.0,Safe
22.1,68.1,1.84,30.9,55.0,Watch
11.7,36.4,0.54,26.5,15.6,Safe
49.9,32.2,0.87,22.4,51.4,Safe
96.6,17.6,1.37,30.0,47.1,Watch
53.1,31.7,0.22,21.8,30.2,Safe
11.0,57.0,2.63,47.1,27.0,Safe
40.0,34.3,2.81,0.0,18.5,Safe
60.1,61.8,0.19,28.0,22.9,Safe
37.8,80.4,1.54,1.5,25.9,Safe
52.5,45.4,1.6,14.0,31.0,Safe
23.9,44.7,1.22,21.3,31.7,Safe
34.5,54.9,2.45,50.1,39.6,Watch
32.9,34.7,1.27,47.3,38.5,Safe
108.3,33.3,1.62,31.1,34.4,Watch
16.9,33.9,4.79,31.0,31.6,Safe
4.1,24.4,0.53,45.6,43.4,Safe
103.9,61.2,2.9,47.0,40.4,Danger
45.5,36.1,2.11,21.4,36.4,Safe
13.7,65.0,1.09,40.1,27.9,Watch
77.4,54.5,3.9,15.7,43.1,Safe
62.7,44.6,2.4,24.2,40.3,Watch
119.9,59.6,1.95,38.9,29.5,Danger
48.2,28.0,3.3,20.1,12.8,Safe
176.4,31.0,4.86,24.7,33.0,Danger
38.1,57.8,10.8,5.1,25.1,Watch
62.8,5.5,2.98,36.8,39.2,Safe
69.1,45.3,6.22,16.8,34.2,Watch
29.4,55.6,0.0,17.7,15.3,Safe
28.7,68.6,2.27,50.3,34.9,Safe
70.1,72.3,0.72,19.7,49.2,Watch
12.6,42.7,0.3,41.3,30.5,Safe
22.2,58.9,2.28,46.5,31.9,Watch
37.3,30.5,4.12,43.8,28.6,Safe
117.5,37.0,1.59,26.3,32.7,Watch
70.1,69.6,3.33,23.6,47.4,Warning
44.2,44.3,2.02,16.3,42.6,Watch
27.2,47.9,1.72,3.6,26.2,Safe
148.4,26.4,1.03,41.6,31.3,Watch
39.8,52.6,1.45,40.2,31.9,Watch
22.2,58.6,1.29,37.2,36.1,Watch
166.8,58.0,3.12,0.0,36.3,Warning
13.2,23.2,0.37,27.3,31.0,Safe
98.6,63.0,0.29,39.4,19.6,Warning
42.1,27.0,3.24,49.3,30.9,Watch
70.0,44.5,2.37,34.5,28.4,Safe
61.6,15.9,1.69,32.9,23.0,Safe
69.3,41.8,0.5,19.8,39.9,Safe
176.6,26.9,1.59,35.7,32.2,Danger
159.5,36.9,4.68,26.4,21.7,Danger
23.2,46.1,6.61,19.1,51.8,Watch
59.9,59.9,3.64,12.6,36.2,Watch
7.4,59.3,0.19,15.8,39.9,Safe
74.5,5.0,3.33,34.9,42.5,Safe
86.7,57.2,0.83,9.2,27.6,Watch
4.2,48.7,1.14,25.6,37.4,Safe
41.0,34.9,0.65,49.6,12.7,Watch
69.9,29.2,4.49,8.5,41.6,Watch
54.1,43.9,3.14,36.7,31.3,Watch
13.4,49.2,2.84,38.2,37.3,Watch
14.9,51.8,3.31,25.6,31.3,Safe
37.4,41.4,0.81,39.3,50.2,Safe
29.4,5.0,1.76,27.2,44.2,Safe
31.8,36.1,3.01,41.9,5.9,Safe
11.6,23.7,3.04,14.0,37.5,Safe
42.7,82.0,4.71,58.3,29.2,Warning
118.1,46.1,1.02,51.6,37.9,Watch
14.0,58.3,4.41,0.0,37.8,Safe
35.0,56.4,1.74,47.6,24.6,Safe
64.6,50.6,3.33,21.3,30.8,Watch
8.9,37.5,1.82,51.5,21.8,Safe
43.0,35.2,8.9,45.1,46.9,Watch
84.9,8.6,0.59,13.7,35.3,Watch
17.1,47.6,3.37,38.6,36.3,Safe
46.2,50.4,2.58,19.5,35.0,Watch
80.8,44.1,0.57,38.1,21.4,Safe
170.7,47.6,0.2,30.7,38.3,Warning
44.5,23.3,4.82,19.1,49.9,Safe
22.6,39.7,0.51,9.9,16.4,Safe
22.8,33.3,0.62,33.5,32.8,Safe
11.0,57.0,11.51,37.0,39.6,Watch
124.4,45.7,3.79,27.6,24.5,Danger
77.5,33.5,0.86,18.4,39.3,Safe
14.9,42.1,2.68,22.8,32.4,Safe
21.5,26.3,2.29,13.6,24.9,Safe
43.9,39.1,5.58,41.0,6.9,Safe
84.5,55.5,3.92,0.0,31.0,Safe
60.0,21.0,5.35,44.3,31.3,Safe
56.0,43.9,0.71,28.9,45.1,Safe
48.5,31.5,3.07,37.8,35.4,Safe
15.7,21.0,0.12,39.3,26.7,Safe
44.3,78.6,0.21,31.8,16.3,Watch
40.4,67.6,3.75,24.1,40.7,Watch
10.8,34.2,0.07,46.6,33.2,Safe
122.4,39.8,2.6,4.3,28.1,Safe
25.4,8.6,5.51,49.5,26.6,Safe
11.1,16.3,1.43,13.2,44.4,Safe
29.1,24.7,0.14,25.1,45.9,Safe
33.9,44.4,3.75,51.5,25.7,Safe
39.5,42.9,7.96,63.4,9.0,Watch
33.4,51.0,3.79,32.7,29.9,Watch
41.2,57.2,2.59,9.7,34.3,Safe
46.7,50.0,0.78,42.8,32.7,Safe
44.9,25.5,0.05,29.4,16.3,Safe
55.7,50.8,3.56,14.1,47.3,Watch
58.1,56.4,0.79,33.3,13.4,Safe
59.1,37.3,5.86,10.4,24.5,Safe
69.9,11.8,1.88,32.9,21.8,Safe
23.1,66.3,2.27,16.2,21.3,Safe
23.8,46.6,4.21,0.5,10.2,Safe
84.7,5.0,4.53,5.1,32.6,Safe
29.9,82.3,3.09,20.9,46.1,Watch
37.8,36.4,8.36,37.5,30.4,Warning
35.2,88.9,12.1,48.8,21.9,Danger
166.7,51.8,8.81,51.4,46.1,Danger
19.8,41.4,5.21,7.3,40.4,Safe
19.4,48.3,3.67,26.6,23.6,Safe
41.3,32.2,3.27,20.8,35.2,Safe
36.0,46.1,0.33,28.4,42.8,Safe
14.8,81.2,0.95,51.2,23.0,Watch
38.8,28.8,0.02,32.4,33.2,Safe
42.2,54.6,0.44,43.0,28.1,Safe
27.4,32.0,1.74,63.2,20.1,Safe
37.0,42.0,0.48,6.5,33.7,Safe
21.5,80.6,6.96,22.9,36.3,Watch
14.8,54.5,4.92,38.6,32.4,Watch
29.7,58.4,0.22,34.0,23.8,Safe
17.1,46.3,0.86,45.7,53.0,Safe
12.2,93.5,5.13,24.2,27.1,Warning
5.9,27.9,4.87,33.1,37.6,Safe
49.1,16.6,8.73,18.7,40.1,Safe
28.9,75.3,18.03,46.0,7.1,Danger
85.1,38.1,11.22,30.6,40.3,Danger
30.9,52.4,1.58,51.1,32.1,Safe
49.0,75.9,0.86,51.2,29.4,Watch
24.3,52.6,4.26,10.8,30.8,Safe
40.3,85.2,1.07,53.5,37.8,Watch
6.0,47.5,4.93,44.0,9.2,Safe
29.3,32.3,2.29,27.7,32.3,Safe
19.9,5.0,4.74,42.6,36.3,Safe
79.3,50.4,0.97,22.4,53.6,Watch
46.7,5.0,2.13,50.4,18.5,Safe
71.8,50.8,2.49,31.5,36.4,Watch
91.4,71.3,8.6,43.3,27.2,Danger
27.4,44.7,0.93,20.5,36.8,Safe
45.2,48.4,8.28,34.2,40.7,Watch
15.7,61.5,4.9,43.3,24.6,Safe
54.4,57.1,3.94,34.6,51.6,Watch
60.2,65.9,4.64,38.4,45.2,Watch
51.8,44.7,2.79,18.6,39.9,Safe
27.4,5.0,0.84,34.6,28.4,Safe
129.9,66.2,0.63,18.7,26.5,Watch
42.1,40.7,6.04,29.7,36.4,Watch
15.7,29.2,3.87,22.6,28.1,Safe
64.2,51.0,0.72,26.9,26.8,Watch
80.9,48.4,2.86,3.7,51.2,Warning
16.0,31.5,1.78,30.4,37.5,Safe
33.9,21.9,0.52,28.4,40.2,Safe
10.9,53.4,2.28,7.3,50.8,Safe
93.8,29.7,0.99,35.1,32.8,Warning
38.5,47.1,0.3,42.4,25.7,Safe
20.0,51.7,1.89,34.7,21.3,Safe
81.6,62.4,2.68,41.8,45.5,Danger
41.2,83.1,0.14,22.1,28.3,Watch
74.1,49.3,1.54,26.8,5.0,Safe
56.9,37.3,0.89,31.1,5.4,Safe
17.6,74.9,0.09,32.2,17.2,Safe
26.6,63.9,0.4,0.0,28.2,Safe
20.5,48.0,0.45,16.2,29.7,Safe
14.7,49.3,0.61,45.0,37.3,Safe
8.1,45.5,4.88,18.3,20.6,Safe
147.0,47.9,1.74,26.3,34.2,Warning
51.1,43.2,0.48,29.2,40.8,Watch
56.6,27.5,0.32,9.9,30.6,Safe
87.8,45.2,1.06,53.7,27.4,Watch
26.4,76.6,4.8,29.5,23.3,Watch
11.7,30.3,1.36,17.2,43.5,Safe
69.7,40.1,0.52,39.7,18.3,Safe
13.7,28.9,1.55,25.5,47.8,Safe
68.5,65.8,2.43,30.9,31.8,Watch
9.9,59.9,0.09,51.1,21.6,Safe
12.8,22.0,2.96,21.9,40.4,Safe
24.2,8.7,1.51,47.1,37.1,Safe
66.8,60.6,0.03,24.9,36.2,Safe
118.8,20.9,3.36,31.0,39.0,Watch
56.6,59.9,3.74,34.5,33.6,Watch
25.0,33.5,2.97,24.8,36.6,Safe
78.5,57.5,1.26,14.7,45.6,Watch
9.6,53.0,2.26,36.8,34.0,Watch
18.5,35.3,1.47,46.8,40.2,Safe
44.3,29.2,3.62,39.4,10.0,Safe
71.3,55.4,2.63,39.0,35.2,Safe
35.3,32.5,0.26,23.1,57.2,Safe
32.4,65.0,3.09,40.3,14.1,Safe
33.9,30.0,3.49,35.4,52.0,Safe
87.3,51.3,1.39,42.9,39.2,Warning
21.7,38.0,6.26,31.5,15.0,Safe
17.4,45.1,5.55,39.0,32.4,Watch
33.5,32.4,0.58,22.8,36.0,Safe
95.5,41.8,7.04,40.4,41.1,Warning
23.9,5.0,1.74,11.1,27.6,Safe
33.8,30.4,3.86,25.0,39.0,Watch
9.5,34.4,5.05,19.5,45.9,Safe
34.9,43.7,2.11,82.6,40.9,Watch
49.3,68.3,1.53,39.8,43.9,Watch
13.7,32.4,7.41,13.7,27.5,Safe
87.4,70.5,0.79,9.5,38.9,Watch
48.8,29.5,0.89,3.8,55.0,Safe
27.1,25.1,1.35,12.9,21.2,Safe
49.1,11.1,5.89,17.3,36.2,Safe
59.0,55.9,8.38,15.4,20.8,Watch
6.9,46.5,0.75,23.0,44.5,Safe
50.5,54.9,5.98,42.5,12.2,Watch
93.3,47.4,0.9,27.0,26.3,Safe
21.4,44.8,10.58,40.7,55.1,Warning
27.6,50.1,2.73,14.0,27.1,Safe
31.4,83.7,0.02,24.3,31.4,Safe
71.8,36.5,0.1,15.9,44.5,Watch
16.1,82.0,0.48,36.6,30.6,Safe
57.1,60.3,0.62,27.3,11.7,Watch
31.9,51.6,4.38,56.6,21.3,Safe
122.5,55.0,0.76,19.9,45.2,Watch
33.4,5.0,10.44,14.4,46.7,Safe
3.4,40.3,3.03,34.5,11.9,Safe
64.8,32.9,3.54,27.4,22.5,Safe
55.0,83.0,0.74,37.5,25.3,Watch
47.3,38.9,6.7,29.1,28.2,Safe
91.6,44.5,3.31,27.9,22.7,Watch
8.1,44.2,5.99,20.0,33.1,Safe
18.8,21.5,9.4,26.0,26.3,Safe
40.2,34.9,0.4,7.1,27.7,Safe
45.5,59.7,0.3,48.0,20.7,Safe
35.8,6.6,4.88,49.0,39.8,Watch
9.6,50.6,6.03,44.1,18.1,Safe
27.8,28.8,2.63,23.1,35.8,Safe
116.9,68.4,1.37,20.6,42.0,Warning
15.4,52.1,3.17,37.5,51.9,Safe
39.5,17.6,1.09,15.7,37.0,Safe
57.2,37.5,0.82,47.0,34.3,Watch
70.4,53.2,2.01,0.0,15.1,Safe
64.6,39.5,0.73,23.2,46.7,Watch
26.1,47.6,1.98,14.0,33.4,Safe
18.7,44.7,9.41,48.7,35.1,Watch
123.1,60.6,5.49,46.1,36.0,Danger
75.2,52.9,8.52,38.5,33.1,Watch
42.4,44.1,4.92,58.7,32.1,Watch
102.2,45.3,1.31,30.2,28.4,Safe
11.8,25.5,5.01,39.5,39.3,Safe
3.5,71.4,7.69,6.0,17.0,Safe
45.1,98.3,8.81,25.2,16.8,Warning
46.7,39.1,3.45,31.7,23.5,Safe
10.7,45.9,0.71,16.2,44.5,Safe
73.3,63.3,0.12,33.8,36.5,Watch
5.6,63.2,0.48,0.5,25.7,Safe
52.6,48.2,10.1,37.5,24.0,Watch
61.4,27.4,1.86,23.5,31.2,Safe
44.7,77.7,5.79,18.2,36.0,Warning
9.2,57.3,1.88,41.2,45.6,Safe
90.9,49.0,3.24,52.0,52.5,Warning
26.9,32.0,0.07,43.4,30.7,Safe
26.9,46.0,0.86,17.8,54.0,Safe
22.7,12.3,1.72,40.0,32.8,Safe
66.1,58.3,2.99,26.2,35.0,Watch
25.8,62.7,0.56,46.9,41.8,Watch
14.0,49.1,4.34,33.3,43.2,Safe
79.3,27.7,1.36,7.9,47.8,Safe
38.8,53.1,5.1,26.4,19.1,Watch
81.2,59.2,0.31,17.6,33.2,Watch
41.0,31.6,3.42,18.3,44.6,Safe
21.4,61.8,1.04,25.1,21.3,Safe
6.6,54.4,4.76,34.1,13.3,Watch
45.2,40.1,1.54,43.6,17.1,Safe
31.5,35.0,3.28,22.1,30.8,Safe
68.0,41.8,8.17,48.2,52.2,Warning
24.8,27.5,0.06,4.5,16.9,Safe
53.7,49.7,0.03,17.4,20.3,Safe
39.8,55.1,4.41,60.7,27.0,Safe
19.8,66.0,3.12,12.9,22.1,Watch
26.5,50.4,1.04,48.8,20.3,Safe
11.5,52.0,2.05,29.6,11.6,Safe
128.8,40.2,0.13,28.9,26.7,Warning
52.9,29.3,0.64,44.0,51.6,Safe
10.8,37.3,1.66,41.9,37.5,Safe
124.4,70.7,5.39,50.0,43.8,Danger
15.2,56.4,1.96,26.3,26.0,Watch
24.5,52.3,2.65,32.1,23.6,Safe
33.3,12.3,6.21,26.2,37.2,Safe
40.5,50.6,1.11,13.3,32.8,Safe
66.8,21.1,3.62,32.6,31.4,Safe
5.0,22.3,5.93,27.5,48.8,Safe
41.0,24.4,0.68,1.9,23.9,Safe
32.0,31.1,1.32,46.6,22.6,Watch
45.8,60.0,11.71,32.2,40.5,Danger
30.7,49.1,12.26,19.5,39.2,Watch
27.5,28.0,0.76,35.0,21.6,Safe
36.4,34.5,0.21,22.1,32.8,Safe
120.0,54.0,0.95,33.0,14.1,Warning
28.0,57.6,1.52,50.8,35.0,Safe
88.2,47.4,1.74,36.0,27.3,Watch
44.4,24.3,2.89,22.7,29.5,Safe
42.9,37.6,6.89,14.5,20.6,Safe
46.1,87.9,1.2,19.3,43.9,Danger
57.1,23.2,5.69,42.2,34.6,Watch
29.8,51.7,0.29,29.2,41.9,Watch
84.1,83.2,0.13,38.4,31.0,Watch
57.2,40.1,2.1,25.8,43.9,Watch
12.6,78.0,0.18,16.0,13.3,Safe
3.4,32.6,1.5,39.0,32.1,Safe
117.5,9.5,6.81,17.9,44.0,Safe
47.2,34.6,0.83,23.9,12.2,Safe
11.1,31.4,3.67,11.6,33.3,Safe
27.9,14.9,1.08,16.0,37.8,Safe
75.2,37.5,0.14,43.4,28.2,Safe
34.8,62.8,2.44,45.7,41.9,Safe
37.3,34.3,5.4,46.4,42.0,Watch
65.8,38.2,1.58,46.4,25.8,Watch
50.6,69.7,2.88,24.7,28.1,Watch
60.2,31.5,6.91,40.0,20.4,Watch
65.3,56.1,4.68,45.8,35.2,Warning
21.9,14.3,0.65,16.9,34.0,Safe
23.8,27.6,3.97,32.9,32.0,Safe
19.7,41.2,2.09,28.1,33.0,Safe
24.9,66.8,4.11,1.9,23.4,Watch
36.1,28.6,2.05,34.9,17.7,Safe
38.2,28.4,0.41,19.3,36.4,Safe
100.2,49.9,2.53,45.8,30.0,Watch
48.8,52.8,2.03,18.6,21.7,Safe
36.7,26.4,2.19,34.9,24.7,Safe
16.0,35.6,6.33,31.7,41.2,Watch
31.3,64.6,6.76,4.2,40.6,Safe
123.4,23.8,1.81,25.2,38.6,Watch
122.1,51.1,1.82,35.4,31.6,Warning
31.0,35.7,2.17,45.4,25.2,Safe
7.7,70.2,2.2,30.3,45.2,Watch
27.7,55.4,9.01,43.6,28.8,Warning
100.9,60.9,3.14,38.1,34.7,Danger
36.3,35.3,0.97,38.6,23.5,Safe
65.9,59.8,2.27,39.2,29.6,Safe
39.6,59.4,2.96,25.9,5.3,Safe
10.2,54.4,3.06,15.2,25.7,Safe
40.7,39.9,2.64,53.5,16.8,Watch
72.0,47.9,0.59,41.5,34.2,Watch
24.6,11.7,0.1,29.0,26.0,Safe
70.7,76.7,1.24,39.3,29.0,Warning
42.7,34.1,1.67,36.0,53.3,Safe
68.1,39.0,0.19,17.2,21.8,Safe
51.1,21.3,5.06,24.9,33.2,Safe
17.0,57.1,1.27,49.9,34.2,Safe
31.5,54.5,7.35,29.9,22.5,Watch
30.7,39.7,0.5,35.6,43.0,Safe
23.6,5.0,0.18,48.9,48.5,Safe
48.2,32.2,1.98,29.9,44.0,Watch
138.0,53.3,0.63,16.0,22.5,Warning
84.2,49.5,8.31,31.7,25.0,Watch
91.8,44.2,0.03,21.6,11.7,Safe
22.4,37.4,1.6,9.1,30.2,Safe
92.9,16.6,7.84,42.0,30.9,Watch
113.8,62.3,1.46,26.2,39.8,Warning
21.8,19.1,0.29,0.0,49.6,Safe
55.3,41.3,1.08,33.8,19.4,Safe
56.3,26.4,2.07,34.0,33.4,Watch
33.4,62.9,0.61,59.3,29.7,Watch
45.4,55.5,1.89,29.9,30.5,Watch
58.3,38.6,5.43,46.0,47.6,Watch
35.1,57.4,6.18,39.7,33.0,Watch
81.5,18.1,0.15,21.2,37.5,Safe
12.6,43.6,0.53,35.2,36.7,Safe
30.6,26.0,0.97,27.5,34.2,Safe
66.8,63.5,2.71,19.7,24.3,Watch
128.6,51.7,1.34,22.3,50.7,Warning
85.0,56.7,5.57,20.2,31.7,Warning
44.7,35.0,3.78,29.9,37.3,Safe
36.5,58.4,0.32,29.9,34.5,Safe
32.0,24.9,2.94,21.8,10.9,Safe
32.2,27.5,0.36,26.9,21.6,Safe
6.6,41.8,0.88,1.9,33.1,Safe
125.2,28.2,0.59,14.9,23.5,Watch
38.6,57.8,0.57,25.6,36.0,Safe
20.6,36.5,2.87,55.1,22.9,Watch
54.7,25.5,2.49,39.5,32.2,Safe
22.0,23.2,0.58,15.3,14.9,Safe
76.3,57.6,13.87,54.2,40.4,Danger
21.2,5.0,1.64,30.0,36.5,Safe
68.9,26.8,0.31,13.0,37.0,Safe
31.6,70.3,0.39,28.8,31.1,Safe
49.6,38.8,2.63,44.8,25.0,Safe
72.6,57.9,11.6,13.0,47.8,Warning
26.1,52.7,2.55,14.5,48.7,Safe
71.3,41.6,8.93,57.1,31.3,Watch
6.9,15.1,1.76,34.4,26.3,Safe
108.0,21.1,1.72,22.9,14.7,Safe
79.9,20.8,2.08,28.4,34.3,Watch
37.6,53.7,3.59,34.3,25.3,Watch
89.7,57.1,1.37,27.1,27.2,Watch
83.5,29.2,5.98,50.2,41.6,Watch
40.3,43.6,0.09,31.5,22.4,Safe
39.9,45.1,1.74,40.0,51.2,Watch
18.4,46.4,2.15,31.2,21.8,Safe
41.9,31.3,2.8,29.4,11.5,Safe
9.8,74.5,0.97,43.4,25.4,Watch
68.3,57.2,1.67,43.7,35.6,Watch
69.3,46.3,1.99,5.5,33.4,Safe
7.1,35.7,3.48,29.7,33.8,Safe
101.2,30.0,4.46,60.7,29.2,Warning
24.2,52.2,4.02,23.3,27.0,Watch
215.5,36.5,1.25,36.8,19.6,Danger
47.7,47.4,22.52,48.7,33.3,Danger
101.9,10.8,5.66,13.4,42.6,Safe
17.9,35.5,0.9,24.4,32.1,Safe
31.6,43.0,0.65,6.4,24.4,Safe
26.0,62.4,1.13,31.6,33.5,Safe
9.7,28.4,1.81,35.8,46.6,Safe
12.7,18.3,5.71,39.7,30.0,Safe
36.5,53.0,4.52,53.6,19.6,Warning
53.3,43.8,5.72,31.0,34.2,Safe
16.2,14.0,0.95,12.7,37.9,Safe
30.0,14.9,2.7,16.8,40.7,Safe
21.9,33.4,1.0,18.6,39.0,Safe
38.4,43.5,0.35,33.1,33.7,Safe
64.7,70.0,3.46,65.2,23.7,Watch
43.6,25.5,0.46,28.9,22.2,Safe
25.1,54.7,3.31,50.6,28.6,Watch
81.7,9.7,3.13,28.3,38.2,Safe
52.1,51.5,4.99,12.6,25.5,Watch
44.5,72.1,0.45,17.8,27.1,Safe
16.4,47.6,4.59,19.1,23.1,Safe
75.9,33.0,21.69,28.2,47.6,Danger
55.9,67.2,5.71,36.1,29.8,Watch
58.0,51.3,4.18,20.1,38.7,Safe
33.8,47.8,3.26,41.9,47.8,Watch
29.2,26.7,1.64,45.7,22.5,Safe
125.6,51.5,3.93,26.0,39.6,Warning
28.8,32.7,3.86,43.8,31.1,Safe
13.5,50.6,2.99,0.9,46.1,Safe
46.2,45.9,4.77,0.0,24.1,Safe
40.0,64.5,1.79,42.5,34.1,Watch
84.2,34.6,0.39,23.7,38.3,Watch
35.8,42.3,2.46,63.1,25.2,Safe
63.3,59.4,0.92,28.6,29.9,Watch
105.9,40.8,1.46,15.0,30.6,Watch
53.6,44.6,0.05,55.3,42.9,Watch
17.1,37.7,1.45,39.8,54.2,Watch
54.7,42.1,4.96,53.2,47.8,Watch
30.5,57.1,2.35,21.2,46.4,Safe
48.5,78.0,0.03,35.5,5.0,Safe
40.2,14.8,1.9,16.9,33.3,Safe
13.2,22.2,1.03,3.8,32.6,Safe
35.7,42.5,1.95,41.1,40.0,Watch
16.3,45.9,1.56,23.1,17.6,Safe
27.1,41.1,8.06,15.1,39.3,Safe
75.7,35.0,0.13,9.2,11.1,Watch
42.6,22.8,3.45,32.7,42.3,Safe
60.7,34.0,5.71,31.0,15.5,Watch
45.2,59.7,9.6,22.7,44.2,Watch
32.2,46.7,0.59,19.9,43.7,Safe
48.6,57.2,2.27,41.5,28.7,Watch
8.2,23.3,0.13,0.0,36.4,Safe
68.5,71.0,2.07,39.5,32.0,Warning
20.1,34.9,0.4,37.0,17.2,Safe
58.0,53.6,5.46,11.5,37.6,Watch
31.2,42.7,0.36,1.0,43.9,Safe
13.2,35.3,2.16,38.8,28.8,Safe
23.2,52.8,2.21,12.4,38.4,Safe
58.2,55.8,10.69,53.6,23.2,Danger
152.7,93.4,3.19,61.8,41.2,Danger
38.3,56.5,1.02,36.4,32.1,Watch
141.0,56.2,0.83,28.5,31.9,Warning
8.1,65.6,0.41,26.7,36.7,Safe
33.1,54.6,4.24,4.4,47.3,Watch
38.3,44.3,3.52,25.7,37.3,Watch
60.4,50.9,2.82,23.1,21.2,Safe
24.0,60.4,0.13,20.5,24.8,Safe
51.9,70.0,4.32,35.9,31.3,Watch
34.4,17.8,3.08,32.0,37.0,Safe
92.4,11.0,9.96,41.8,20.4,Watch
46.2,69.3,2.65,23.3,35.5,Safe
204.0,30.6,1.09,39.0,40.9,Warning
34.7,15.2,1.44,30.1,27.0,Safe
88.4,13.5,0.58,38.9,51.7,Watch
107.7,77.4,3.85,28.8,24.6,Warning
2.1,60.8,3.69,56.7,34.0,Watch
67.9,30.7,0.67,0.0,11.1,Safe
33.7,31.4,0.52,39.4,28.8,Safe
15.0,46.0,0.24,42.8,30.5,Safe
93.5,60.5,7.29,11.0,27.7,Danger
25.2,39.7,0.8,57.4,24.6,Safe
7.6,30.9,1.27,30.3,26.8,Safe
47.1,65.4,0.99,28.1,38.3,Safe
102.9,44.5,1.6,35.6,12.8,Safe
15.2,41.6,3.76,43.3,13.4,Safe
74.2,55.7,6.13,32.0,27.1,Watch
5.5,6.5,0.6,31.5,30.8,Safe
107.8,53.5,3.48,42.6,24.2,Danger
54.3,52.4,1.3,44.5,32.6,Safe
13.8,20.2,11.82,35.0,38.2,Safe
69.5,10.1,1.07,6.8,41.8,Safe
26.4,34.8,0.02,14.7,45.2,Safe
18.4,48.3,2.17,46.3,18.8,Safe
26.0,50.1,0.49,25.8,24.3,Safe
64.7,75.7,0.14,21.0,23.2,Watch
17.4,48.3,3.59,36.6,42.1,Safe
3.2,19.8,3.95,34.7,25.7,Safe
27.1,40.5,1.85,26.7,35.1,Safe
96.1,21.6,3.39,41.2,17.9,Safe
95.2,41.8,2.32,11.0,25.6,Watch
25.9,70.4,2.98,4.0,23.0,Safe
25.2,53.3,2.72,52.5,38.8,Safe
23.9,32.0,3.29,13.2,19.5,Safe
23.0,55.7,0.67,7.9,49.8,Safe
24.3,31.0,0.94,25.1,34.2,Safe
48.8,5.0,1.74,29.6,24.7,Safe
97.6,22.8,1.77,22.8,35.4,Safe
17.4,53.3,4.47,26.6,23.9,Safe
20.5,58.9,1.37,8.7,21.4,Safe
52.9,75.9,0.53,40.7,39.0,Warning
67.3,51.1,0.87,7.1,45.7,Watch
9.8,69.2,0.73,30.3,35.8,Watch
122.3,56.3,3.95,33.5,19.7,Warning
31.3,61.9,1.91,39.7,23.8,Safe
10.9,64.8,3.7,33.4,47.3,Watch
9.3,53.8,1.61,13.7,39.9,Safe
8.7,64.3,6.61,23.8,20.7,Safe
87.2,32.4,12.32,19.4,24.9,Warning
42.9,5.0,3.32,6.4,33.9,Safe
87.8,56.7,5.98,36.5,30.6,Danger
37.0,51.7,2.13,18.7,52.9,Watch
86.1,29.2,8.18,32.2,24.7,Watch
36.2,22.3,5.34,28.3,38.0,Safe
60.2,47.4,14.4,13.0,35.0,Warning
38.9,57.9,2.93,12.0,15.4,Safe
34.5,54.4,4.53,25.0,8.1,Safe
19.0,26.6,2.35,10.3,28.2,Safe
66.2,30.7,0.9,44.8,36.2,Watch
15.3,57.1,1.31,50.2,47.9,Watch
66.1,46.3,6.73,41.7,24.2,Watch
44.4,64.1,0.17,35.2,36.7,Safe
67.4,39.2,2.69,30.9,29.1,Watch
47.3,58.3,1.4,14.3,49.3,Safe
92.6,44.3,1.47,42.4,31.6,Warning
56.1,32.0,6.48,50.6,27.6,Watch
45.1,61.7,5.77,24.9,33.7,Watch
2.7,27.1,2.74,29.5,33.9,Safe
95.1,46.3,0.96,17.9,46.0,Watch
8.6,48.2,1.94,25.0,32.1,Safe
11.9,42.8,1.57,11.1,36.3,Safe
71.9,62.8,1.31,25.7,15.5,Safe
41.7,55.3,0.33,36.5,20.4,Safe
9.1,53.2,2.35,34.9,28.2,Safe
25.1,46.2,1.08,33.8,33.0,Safe
91.8,78.4,3.24,0.0,24.4,Warning
46.2,71.4,1.15,30.7,34.8,Watch
42.5,61.5,1.69,39.2,26.8,Safe
22.6,58.6,0.16,29.9,49.0,Safe
73.6,34.2,14.69,47.0,29.9,Watch
37.8,44.1,2.13,28.5,36.3,Watch
64.3,56.4,0.07,36.0,29.8,Safe
20.6,63.9,2.34,15.0,31.1,Safe
153.2,61.1,6.13,38.8,37.5,Danger
103.3,55.5,4.44,41.8,33.4,Watch
45.9,81.0,3.62,19.3,26.8,Watch
53.6,42.6,0.45,8.6,35.4,Safe
25.3,63.2,3.22,23.2,30.4,Safe
68.0,61.0,4.36,15.0,37.8,Warning
3.6,53.0,2.55,39.0,43.5,Safe
121.0,53.6,6.7,22.7,41.9,Danger
65.2,53.3,0.97,40.8,21.4,Safe
17.0,32.3,0.83,6.5,5.0,Safe
119.1,52.2,6.11,17.6,54.6,Danger
144.6,58.5,2.95,18.5,37.2,Danger
55.7,50.8,0.0,34.1,35.8,Safe
20.9,11.8,1.31,0.0,24.9,Safe
43.0,16.4,5.85,25.9,11.5,Safe
61.5,30.3,0.08,24.5,12.0,Safe
52.4,43.0,0.01,35.4,28.6,Safe
17.0,31.2,0.99,30.8,33.5,Safe
60.8,56.6,7.36,15.7,48.9,Watch
91.0,66.5,6.95,0.0,34.4,Warning
13.4,69.0,2.19,18.4,38.7,Watch
15.1,51.1,2.42,11.0,26.7,Safe
24.4,64.5,1.21,11.9,27.4,Safe
35.1,34.9,0.84,19.0,17.3,Safe
74.9,42.3,5.07,42.3,19.7,Watch
90.4,24.0,0.34,11.0,19.6,Safe
20.1,66.7,2.0,2.2,28.4,Safe
48.4,80.4,3.02,21.3,15.4,Watch
87.9,38.7,0.33,25.8,23.9,Watch
158.9,5.9,2.2,24.8,31.6,Warning
48.3,27.8,2.58,20.1,8.0,Safe
50.2,33.3,4.07,26.3,46.8,Safe
55.9,21.1,0.8,33.2,49.8,Safe
32.2,26.5,1.04,16.9,42.3,Safe
45.5,48.7,2.53,45.0,35.9,Watch
5.0,56.9,12.25,27.3,35.3,Warning
25.4,7.8,0.74,44.7,37.3,Safe
60.1,35.4,12.79,34.0,32.9,Watch
19.0,45.7,3.76,11.1,33.8,Safe
76.2,25.8,5.25,0.7,15.4,Safe
7.4,49.3,0.28,46.0,33.2,Safe
74.1,42.9,1.07,16.3,37.0,Safe
74.0,36.9,0.18,28.5,35.4,Safe
160.8,29.4,1.39,21.0,43.5,Warning
31.2,49.9,11.94,50.1,46.7,Danger
41.7,31.3,0.33,28.9,26.7,Safe
113.3,13.8,2.48,9.3,20.7,Watch
103.8,45.4,0.02,26.0,44.6,Watch
84.0,22.7,3.74,46.9,38.7,Watch
53.7,15.4,0.66,16.9,26.3,Safe
111.3,47.3,0.42,6.6,29.8,Watch
198.3,42.1,1.23,41.0,29.0,Danger
64.1,29.4,4.42,15.3,34.7,Safe
43.3,49.1,0.34,4.5,46.4,Safe
69.6,52.6,0.78,15.8,23.0,Safe
47.8,49.3,0.03,33.3,34.9,Safe
33.5,48.7,10.37,35.8,34.6,Warning
76.4,16.1,2.69,35.2,12.1,Safe
27.6,68.3,3.82,13.8,57.0,Safe
63.2,55.0,3.16,42.7,34.1,Warning
9.5,27.9,0.47,40.3,43.6,Safe
124.6,44.8,2.71,36.5,15.8,Warning
21.4,48.2,0.42,13.4,51.3,Safe
11.7,44.3,1.54,20.2,28.5,Safe
101.4,77.3,2.52,34.2,9.0,Warning
114.3,10.0,2.46,38.2,17.8,Watch
52.9,18.4,0.38,14.3,19.7,Safe
38.7,5.0,0.11,55.8,24.3,Safe
31.8,46.4,4.8,27.5,19.1,Safe
50.8,54.8,3.88,43.8,40.1,Safe
40.4,51.5,0.26,10.9,33.8,Safe
36.6,39.8,0.41,32.6,37.1,Safe
19.4,52.3,6.69,10.6,36.3,Safe
14.6,39.7,4.4,31.8,29.5,Safe
44.6,58.3,16.69,36.5,16.4,Danger
49.6,64.9,0.88,37.3,16.9,Safe
22.5,28.2,2.01,18.5,17.3,Safe
25.4,39.8,0.81,2.3,21.1,Safe
49.6,42.7,2.92,34.4,48.9,Safe
18.9,70.7,0.37,23.6,17.0,Safe
86.2,30.4,0.41,23.6,46.8,Watch
61.4,64.8,0.22,15.7,21.5,Watch
22.3,18.6,3.55,28.7,18.4,Safe
59.2,67.4,2.04,29.5,36.2,Watch
19.4,60.3,2.88,45.4,44.7,Safe
74.2,42.2,6.34,0.0,15.8,Safe
20.1,61.5,4.05,9.7,31.1,Safe
38.1,36.0,1.86,36.4,43.9,Safe
46.6,28.4,12.47,0.0,41.1,Watch
113.1,75.7,1.83,18.7,16.6,Watch
21.3,35.3,0.36,65.2,30.0,Safe
20.5,57.2,14.74,25.4,15.9,Warning
10.1,65.0,0.07,40.0,35.7,Watch
135.8,59.5,2.39,4.3,33.7,Warning
42.8,55.8,1.11,40.1,37.7,Watch
87.7,57.2,2.1,23.9,22.4,Watch
25.8,64.0,2.45,33.9,25.0,Watch
27.9,50.7,0.82,37.9,41.9,Safe
40.2,44.3,2.44,21.8,42.3,Safe
41.1,20.4,4.23,36.9,48.7,Watch
67.8,50.7,0.93,12.7,46.2,Watch
43.8,63.5,1.45,30.4,15.5,Safe
30.8,25.2,0.94,37.4,44.2,Safe
137.4,40.9,5.15,21.5,31.7,Warning
19.2,52.7,3.87,15.1,39.3,Safe
21.4,72.2,6.15,22.7,28.6,Safe
19.4,24.1,0.56,45.9,22.9,Safe
69.7,59.3,0.23,43.6,29.2,Safe
57.9,38.6,0.38,41.0,32.6,Warning
36.8,32.9,0.53,52.6,34.9,Watch
18.5,28.5,2.28,30.1,41.7,Safe
46.5,33.2,10.61,32.6,21.6,Safe
76.6,54.0,1.33,0.1,20.8,Safe
116.3,40.9,9.55,16.3,15.7,Danger
24.9,57.9,0.12,37.7,29.8,Safe
36.7,24.8,7.85,43.0,23.3,Watch
57.5,57.5,0.6,10.6,28.7,Safe
30.5,52.8,7.31,28.6,32.2,Safe
11.9,17.9,0.17,62.4,14.2,Safe
36.8,72.1,8.88,28.7,26.4,Watch
13.5,51.1,0.67,51.7,35.6,Safe
81.2,58.8,1.08,35.2,32.7,Watch
32.6,65.8,2.03,38.4,28.3,Warning
39.7,62.4,1.44,16.4,31.6,Safe
21.9,42.7,3.3,5.9,29.3,Safe
40.9,58.1,11.04,40.8,22.0,Warning
98.1,12.4,2.8,34.6,20.3,Watch
87.3,52.1,3.83,30.9,58.9,Warning
15.7,76.2,0.28,10.1,38.3,Safe
1.1,32.5,2.97,24.6,42.8,Safe
37.0,61.5,1.81,20.7,38.0,Safe
32.7,76.9,6.51,22.2,45.9,Watch
31.1,57.4,1.47,33.4,37.7,Watch
26.3,63.5,3.41,40.6,11.0,Safe
15.3,16.7,0.78,34.3,23.6,Safe
168.0,28.2,0.9,32.9,34.4,Warning
135.7,70.7,1.42,31.7,34.1,Warning
30.1,62.3,1.09,27.4,33.3,Warning
46.0,53.9,0.88,17.5,20.8,Safe
82.2,40.2,0.15,30.7,26.4,Safe
45.9,50.1,5.44,41.2,34.5,Watch
28.1,76.3,0.2,28.3,32.4,Safe
12.2,43.2,6.55,16.2,39.8,Safe
42.1,57.6,0.4,12.1,21.3,Safe
13.7,57.1,0.2,15.7,36.9,Safe
93.6,33.0,2.48,12.8,26.3,Watch
40.6,34.4,2.09,73.4,28.4,Safe
60.8,72.5,2.03,16.8,31.4,Watch
32.0,55.3,2.56,29.4,14.7,Safe
74.6,32.8,1.02,28.7,33.3,Safe
24.4,39.4,3.26,51.2,44.6,Safe
51.8,27.3,2.09,36.4,19.8,Safe
31.0,64.2,1.22,36.4,50.6,Watch
34.9,40.5,5.25,32.6,25.5,Watch
81.4,40.7,3.9,34.1,37.9,Watch
21.7,60.1,1.5,34.8,18.8,Safe
54.4,14.8,5.64,20.6,53.6,Watch
101.2,44.3,7.59,16.2,21.4,Danger
79.4,44.8,2.31,30.9,34.1,Watch
25.0,39.9,0.73,21.9,26.6,Safe
59.9,35.1,7.42,32.8,31.5,Watch
7.4,32.2,0.63,13.8,33.1,Safe
83.3,50.1,0.15,7.9,28.7,Watch
198.0,26.8,1.19,10.8,25.2,Watch
52.2,47.9,3.89,28.9,31.5,Watch
104.5,35.0,7.7,5.8,31.3,Watch
11.6,36.2,3.04,59.2,35.2,Safe
16.9,48.5,9.1,59.3,36.8,Watch
31.9,36.0,0.29,43.3,40.1,Safe
36.8,67.8,0.19,24.5,37.6,Watch
52.4,42.5,2.78,22.7,33.3,Safe
25.1,63.8,10.15,34.4,29.4,Watch
46.3,31.3,2.1,38.9,16.7,Safe
81.3,30.9,0.16,34.4,33.6,Safe
59.7,15.1,0.75,10.3,42.9,Safe
31.0,36.1,0.84,27.2,24.3,Safe
70.5,40.8,1.24,38.0,25.3,Watch
30.0,46.4,0.13,0.0,45.1,Safe
44.5,57.6,7.06,13.4,48.3,Warning
78.5,56.2,2.17,37.9,23.7,Safe
36.0,65.4,3.33,25.3,57.5,Watch
13.6,29.0,0.21,25.3,36.2,Safe
43.5,45.6,0.17,46.6,41.2,Watch
79.0,27.0,2.65,29.2,28.5,Watch
84.0,52.5,6.55,22.9,34.6,Watch
16.3,77.5,2.26,25.4,36.3,Watch
68.5,23.5,6.31,25.9,23.0,Safe
34.4,57.4,5.0,17.5,48.5,Watch
109.2,63.9,0.24,26.7,31.6,Danger
13.8,28.9,0.68,12.9,27.0,Safe
67.6,52.9,3.22,25.0,20.4,Safe
31.4,38.5,1.76,22.3,37.6,Safe
25.5,42.8,1.03,33.5,34.6,Safe
80.9,37.9,1.63,52.7,22.2,Watch
89.7,41.0,1.77,33.9,33.4,Watch
5.1,65.8,7.24,31.5,36.9,Watch
81.9,43.6,0.33,33.5,28.1,Watch
39.5,34.2,0.98,17.1,35.7,Safe
42.6,46.2,2.31,40.5,32.0,Watch
13.1,6.8,3.59,36.1,29.8,Safe
64.5,30.3,2.99,29.3,22.4,Safe
170.7,67.5,8.52,35.3,34.0,Danger
26.8,42.4,4.76,34.9,11.3,Safe
95.5,36.4,2.44,34.9,46.4,Warning
41.4,48.1,0.73,44.9,43.9,Watch
27.7,58.3,1.8,18.6,21.8,Safe
10.7,68.9,3.55,49.7,17.6,Safe
104.7,36.9,5.46,6.0,43.7,Warning
45.4,37.3,9.64,39.9,30.3,Watch
28.9,41.0,2.79,32.5,32.6,Safe
33.0,63.5,2.25,15.6,32.2,Watch
68.2,46.0,0.05,45.4,18.9,Watch
28.9,84.0,0.22,2.8,39.9,Watch
18.4,42.1,0.51,54.4,36.5,Safe
38.1,76.7,0.17,63.9,32.2,Watch
37.2,28.9,1.54,27.6,9.3,Safe
36.6,20.0,1.23,14.6,37.0,Safe
29.2,43.2,3.04,21.3,35.8,Safe
97.7,65.5,2.3,44.6,31.1,Warning
211.2,36.4,2.72,25.2,41.7,Danger
16.3,33.9,1.92,0.0,43.3,Safe
4.2,63.5,0.98,35.8,35.4,Safe
34.5,57.7,9.16,43.4,16.9,Watch
4.8,30.7,0.27,37.7,19.3,Safe
9.6,29.7,8.39,40.1,25.0,Watch
27.2,59.9,1.12,54.1,29.5,Watch
67.8,15.6,2.16,26.8,40.4,Safe
34.2,64.4,0.35,55.8,35.3,Safe
2.8,57.5,0.22,27.7,30.3,Safe
33.9,5.0,1.68,46.9,38.3,Safe
35.9,45.3,4.06,27.9,24.2,Safe
36.4,9.4,0.94,60.6,38.3,Safe
88.1,23.3,2.48,39.7,34.3,Watch
78.3,35.9,0.98,28.6,37.2,Watch
44.0,22.2,1.48,12.0,40.5,Safe
149.6,84.9,7.11,33.1,31.5,Danger
27.2,60.6,5.81,17.7,12.1,Watch
37.7,69.6,2.18,36.6,25.4,Safe
40.9,42.5,0.82,39.9,39.8,Safe
10.6,45.5,0.64,45.6,26.4,Safe
41.5,73.5,9.24,38.1,25.4,Warning
8.5,52.8,0.68,31.2,32.6,Safe
23.7,56.0,4.95,49.9,42.9,Warning
45.6,28.6,1.38,51.6,36.6,Watch
12.4,28.5,12.73,14.2,49.4,Watch
53.3,49.7,1.38,56.4,36.0,Watch
20.5,51.7,1.3,48.4,35.6,Watch
30.9,27.1,3.04,17.2,29.7,Safe
60.2,51.5,9.77,1.8,16.5,Watch
39.1,23.0,11.22,48.1,33.5,Watch
52.4,45.2,3.68,33.1,32.4,Safe
57.5,19.1,4.21,23.2,38.6,Safe
38.6,68.9,2.49,34.7,35.0,Watch
54.6,39.4,4.23,47.8,34.7,Watch
23.3,32.5,5.89,0.0,43.4,Safe
59.6,24.4,2.0,31.9,29.4,Watch
34.7,22.6,2.9,30.9,40.4,Safe
99.4,52.9,2.31,52.4,44.9,Danger
46.3,63.1,2.48,42.4,26.5,Watch
26.3,61.3,6.62,42.3,27.9,Watch
60.4,70.1,1.32,23.3,24.3,Safe
102.4,76.5,0.7,40.0,18.4,Watch
28.3,62.2,1.83,22.7,50.4,Safe
24.5,35.9,0.7,28.4,63.9,Safe
1.4,48.1,2.07,38.6,34.1,Safe
46.2,5.0,7.01,31.3,28.7,Safe
32.0,56.5,2.88,34.7,49.4,Watch
60.2,47.7,5.8,49.7,38.0,Watch
61.1,73.7,0.55,24.5,24.5,Watch
11.1,31.6,6.93,14.4,23.2,Safe
78.1,54.3,2.76,16.4,40.2,Watch
21.5,26.9,0.1,13.1,35.8,Safe
28.5,43.0,3.01,54.1,43.2,Safe
53.5,15.6,9.07,39.8,39.0,Watch
15.3,69.4,0.25,46.1,19.8,Safe
24.7,63.9,2.62,43.4,24.3,Safe
14.0,36.5,7.41,27.0,23.2,Watch
82.8,49.7,0.03,54.4,34.2,Warning
30.5,45.7,2.99,19.6,30.8,Safe
12.7,34.0,1.93,60.2,27.4,Watch
13.6,47.2,1.28,31.9,28.9,Safe
73.6,37.0,2.96,56.8,38.7,Warning
19.8,62.6,0.16,14.3,30.2,Watch
27.9,41.2,4.2,23.5,25.2,Safe
42.9,88.0,0.01,6.0,18.9,Safe
32.3,43.6,1.1,45.6,23.0,Safe
6.1,47.0,2.1,33.8,42.7,Watch
64.9,54.5,1.42,60.2,25.3,Watch
34.3,60.1,1.1,22.7,50.1,Watch
51.9,46.4,5.33,50.1,38.3,Watch
68.3,54.1,8.19,31.2,23.8,Watch
4.5,48.3,6.21,28.6,25.9,Safe
68.7,31.0,2.22,25.7,10.9,Safe
185.5,26.1,6.47,17.3,27.6,Danger
56.0,57.6,7.61,35.6,51.5,Warning
100.5,72.3,1.58,33.2,48.3,Warning
80.9,15.6,1.0,6.4,48.1,Safe
67.0,19.2,0.31,0.0,38.1,Safe
82.9,19.0,1.96,25.3,30.2,Watch
92.6,59.0,8.77,47.4,33.0,Warning
95.2,60.5,2.47,33.3,37.4,Warning
13.5,27.4,3.3,10.5,31.8,Safe
86.4,84.7,0.36,3.4,24.1,Watch
33.9,38.1,0.46,47.3,31.3,Watch
97.5,70.8,1.87,5.2,18.5,Watch
59.6,59.6,9.06,41.4,37.9,Warning
13.3,27.8,1.34,38.5,22.9,Safe
106.6,37.5,6.3,54.5,37.7,Warning
21.6,29.3,0.38,20.6,21.2,Safe
32.5,20.8,2.88,44.1,30.3,Watch
123.6,40.4,2.75,51.0,34.7,Warning
46.5,23.4,5.9,9.9,30.4,Safe
31.4,41.9,0.01,32.0,38.4,Safe
39.3,79.8,0.63,29.4,36.5,Watch
30.9,57.5,0.74,14.0,27.8,Safe
73.5,35.0,8.99,34.0,26.1,Watch
31.6,33.5,0.5,12.5,25.4,Safe
40.3,37.8,0.11,35.7,24.0,Safe
63.3,82.3,2.29,62.6,53.0,Danger
58.3,25.4,2.26,26.9,25.7,Watch
23.2,45.0,5.57,28.6,42.9,Warning
74.1,53.4,8.92,51.2,33.6,Danger
27.1,66.9,2.32,48.9,28.4,Watch
16.6,39.0,7.98,20.7,33.9,Safe
6.9,27.7,3.87,40.3,34.5,Safe
36.2,50.2,0.92,0.0,14.4,Safe
8.7,68.7,7.91,14.9,31.2,Watch
20.5,40.1,3.3,46.0,32.1,Safe
41.1,29.9,1.6,22.3,28.7,Safe
91.3,47.0,3.42,27.0,10.8,Watch
33.3,15.8,1.54,16.1,28.7,Safe
10.8,41.1,0.36,13.7,48.1,Safe
38.3,66.2,3.81,0.0,37.5,Watch
88.9,60.7,5.21,24.6,21.5,Watch
32.6,42.4,3.91,37.0,40.9,Safe
102.0,74.9,0.78,33.7,20.9,Warning
41.0,79.4,9.41,17.5,34.7,Warning
68.9,57.0,0.08,8.6,34.8,Safe
49.1,18.6,1.21,24.4,28.3,Safe
98.6,11.2,0.9,10.1,42.4,Safe
156.2,69.9,0.15,18.5,39.5,Warning
28.3,49.4,1.56,31.9,24.2,Safe
47.0,74.4,2.93,16.9,29.1,Watch
91.2,20.9,6.43,49.3,23.4,Watch
50.4,42.1,13.72,14.3,26.3,Watch
6.5,63.5,4.95,20.9,38.5,Watch
33.0,31.9,1.9,42.7,31.9,Safe
50.1,63.3,3.86,40.4,42.3,Danger
117.2,42.8,5.57,37.7,16.2,Watch
45.1,45.5,1.88,20.4,34.8,Watch
19.2,23.7,4.61,38.8,40.3,Safe
51.0,49.5,1.98,41.9,33.0,Watch
109.4,84.5,1.47,36.6,18.4,Warning
24.6,52.0,2.24,29.5,21.5,Safe
27.4,30.7,3.38,38.7,41.1,Safe
25.0,70.1,3.89,28.9,26.7,Safe
12.4,31.3,1.32,36.1,24.2,Safe
43.6,76.0,2.54,31.1,28.6,Watch
39.8,22.1,7.22,7.3,29.5,Safe
7.3,49.9,11.23,21.2,43.9,Watch
20.6,72.5,0.77,61.2,14.5,Safe
48.0,29.4,0.64,0.9,37.8,Safe
67.8,46.5,3.39,53.3,46.6,Watch
81.1,65.8,1.61,39.4,41.5,Warning
71.7,5.0,0.07,30.5,55.2,Safe
41.6,61.7,1.28,4.8,27.4,Safe
10.3,43.4,4.93,30.0,40.9,Safe
34.8,71.0,4.79,18.8,31.1,Watch
2.4,30.1,2.05,47.8,26.8,Safe
48.2,20.0,1.92,20.0,9.8,Safe
23.9,35.2,2.6,25.9,27.4,Safe
4.3,34.8,0.74,33.7,42.7,Safe
54.9,41.3,2.24,20.3,14.8,Safe
108.5,36.6,0.03,44.4,53.0,Watch
8.8,8.9,1.94,25.6,36.1,Safe
58.2,43.3,1.23,1.8,20.9,Safe
30.2,49.2,3.37,32.3,34.3,Safe
21.6,41.5,3.05,42.1,38.9,Safe
21.6,50.2,1.44,51.6,27.1,Safe
30.2,46.5,0.02,38.3,25.8,Safe
30.1,20.1,0.87,47.3,51.7,Safe
40.3,39.6,3.01,37.4,28.6,Safe
19.7,47.1,0.23,15.6,30.6,Safe
23.6,40.7,0.34,18.3,45.2,Safe
62.2,18.1,3.12,0.0,31.3,Safe
18.2,67.0,4.23,26.7,39.6,Watch
50.5,27.5,1.16,39.8,27.3,Safe
31.5,22.6,2.02,6.3,25.0,Safe
26.4,45.7,8.74,49.4,35.8,Watch
132.1,39.3,8.73,28.5,22.2,Danger
12.7,55.8,1.1,16.6,36.1,Safe
113.5,60.7,4.98,6.3,22.8,Watch
74.8,58.0,2.7,54.9,36.0,Watch
24.5,45.0,11.13,47.7,44.4,Warning
76.2,55.0,1.95,23.9,12.1,Safe
1.1,16.9,4.47,43.9,27.9,Safe
22.5,64.7,4.38,26.9,12.4,Watch
18.4,37.7,2.06,20.9,29.1,Safe
55.4,80.5,4.76,20.2,35.4,Danger
68.7,65.2,0.91,26.5,28.6,Watch
54.7,41.4,0.39,24.0,10.6,Safe
45.8,45.4,1.66,30.9,41.0,Watch
79.8,66.3,8.63,54.1,17.4,Danger
72.1,5.0,2.08,64.2,40.4,Safe
23.9,42.1,3.03,12.0,24.5,Safe
26.3,75.6,2.94,36.9,23.3,Watch
69.3,60.2,0.43,33.1,32.1,Watch
40.0,29.9,1.48,38.0,42.7,Watch
42.2,50.7,3.68,23.2,51.6,Watch
46.5,27.4,10.73,38.2,27.9,Watch
6.8,38.9,0.55,9.3,19.0,Safe
23.0,51.0,1.59,80.7,35.5,Watch
58.9,54.2,0.3,34.4,18.6,Safe
22.8,58.1,0.83,41.0,39.4,Safe
34.5,67.2,1.42,13.2,36.4,Watch
58.6,23.5,2.33,19.6,45.5,Safe
82.8,45.4,0.79,8.0,42.5,Warning
89.7,29.7,0.77,51.8,33.4,Watch
93.1,37.8,4.51,13.4,32.3,Safe
37.1,31.4,9.86,27.2,23.1,Safe
34.1,54.0,1.17,27.8,22.9,Safe
14.3,64.0,3.49,37.1,31.6,Watch
108.9,64.9,0.9,10.6,21.2,Watch
33.0,25.1,7.89,42.9,29.3,Safe
107.2,42.8,3.35,48.7,27.3,Warning
51.5,24.6,4.87,20.1,37.9,Safe
85.5,24.0,0.15,29.5,31.8,Watch
39.1,33.1,2.74,39.4,41.9,Safe
62.8,51.2,2.25,33.8,29.0,Watch
87.5,54.3,1.04,15.0,20.3,Safe
27.5,56.8,0.91,40.5,37.5,Safe
93.5,55.7,2.6,52.7,30.8,Danger
16.2,29.7,3.68,52.6,29.3,Safe
129.8,66.3,0.1,38.6,27.8,Watch
46.6,59.5,2.51,41.5,31.9,Watch
23.3,37.6,0.56,24.2,29.3,Safe
73.7,38.3,0.45,16.2,37.2,Safe
53.3,33.2,2.93,29.0,39.4,Safe
7.3,21.7,1.12,64.0,28.3,Safe
30.2,57.0,1.74,22.0,52.0,Safe
17.0,59.8,1.34,36.5,26.3,Safe
18.4,28.3,3.14,35.7,32.2,Safe
17.8,22.8,1.91,24.4,15.8,Safe
60.7,28.1,9.93,52.3,31.0,Watch
77.7,47.0,1.3,53.8,30.0,Watch
21.5,20.1,4.04,70.0,31.5,Watch
5.2,65.3,0.89,18.0,41.8,Safe
150.1,64.2,2.13,36.1,48.8,Danger
47.0,52.6,2.41,31.3,43.1,Safe
74.1,59.6,1.2,19.7,31.0,Warning
35.7,46.1,1.91,20.0,34.0,Safe
3.8,53.4,0.98,32.5,47.2,Safe
56.5,21.6,0.02,23.0,22.0,Safe
120.9,70.0,0.73,15.3,39.8,Warning
24.5,36.2,3.61,31.9,23.1,Safe
3.3,42.7,4.42,13.4,43.4,Safe
14.2,89.8,0.99,23.0,30.7,Safe
76.6,41.0,1.57,35.4,23.2,Watch
53.0,58.3,0.11,28.0,25.4,Watch
93.7,54.3,0.81,26.1,27.0,Watch
42.0,21.0,4.53,57.1,41.5,Watch
67.9,27.0,2.79,51.0,45.4,Safe
29.5,81.6,0.69,31.2,28.0,Safe
15.3,55.4,0.89,14.8,23.3,Safe
68.0,44.7,5.09,42.2,52.3,Warning
77.5,35.4,0.7,67.9,40.2,Watch
25.0,50.8,1.22,50.5,24.2,Safe
113.7,52.5,3.28,10.5,35.6,Warning
115.8,49.1,2.47,27.0,27.9,Watch
17.9,64.2,1.85,19.0,19.1,Safe
18.7,29.4,6.9,16.1,28.9,Safe
19.5,27.0,0.74,47.0,18.3,Safe
37.7,63.8,4.06,46.7,27.2,Watch
30.7,83.0,0.52,56.6,28.1,Watch
12.1,60.2,2.87,40.2,26.6,Safe
20.1,68.4,6.14,29.3,41.1,Warning
4.0,43.7,1.84,32.8,36.0,Safe
5.0,49.8,3.87,16.4,25.6,Safe
9.8,49.5,5.15,50.6,35.2,Safe
144.7,44.0,0.44,18.9,45.1,Danger
133.3,70.4,3.67,23.9,23.7,Danger
70.8,65.1,7.57,25.4,18.9,Danger
25.2,37.8,2.58,0.0,21.2,Safe
9.6,15.4,0.62,43.0,35.8,Safe
41.3,43.9,0.41,15.8,46.9,Safe
57.6,24.2,0.9,40.3,40.5,Safe
21.8,45.4,0.33,23.3,44.8,Safe
55.4,25.6,2.16,23.1,10.0,Safe
14.1,67.6,0.22,13.3,23.7,Safe
25.7,57.3,0.76,50.8,20.8,Safe
33.9,56.9,1.74,54.2,37.6,Safe
135.9,64.3,1.93,45.0,30.0,Danger
19.8,52.0,2.5,34.0,5.0,Safe
57.4,54.8,3.67,32.0,39.6,Warning
17.1,70.8,0.15,46.3,43.7,Watch
15.0,42.6,0.25,28.1,52.1,Safe
21.7,55.9,0.19,49.8,33.7,Safe
42.4,26.0,1.65,15.6,38.2,Safe
123.7,46.4,0.13,44.7,20.6,Warning
24.7,85.7,4.11,49.3,15.6,Watch
77.9,59.7,0.76,13.5,44.4,Watch
140.4,43.5,8.4,17.4,37.5,Danger
50.5,49.8,2.0,29.3,44.5,Safe
87.9,44.6,1.77,36.3,29.4,Watch
20.7,49.2,4.55,20.7,55.7,Safe
56.3,37.8,3.75,31.4,35.1,Watch
67.1,53.9,2.8,0.0,24.5,Safe
11.6,54.5,8.21,41.5,28.8,Warning
18.9,45.1,1.65,42.2,16.0,Safe
32.7,47.5,4.96,52.8,22.6,Watch
22.3,51.1,1.43,38.6,28.1,Safe
35.9,35.5,5.47,24.4,47.5,Safe
9.9,53.7,0.9,14.8,31.3,Safe
131.3,59.0,1.02,17.8,42.8,Warning
83.5,71.4,3.4,28.7,31.0,Warning
290.9,50.7,0.72,17.3,21.7,Danger
13.0,35.0,0.78,18.5,37.5,Safe
57.9,43.1,1.09,29.4,23.6,Safe
22.5,24.4,3.41,5.8,28.0,Safe
14.9,58.1,6.61,15.1,52.3,Watch
80.3,7.9,3.37,33.3,38.0,Safe
43.5,63.4,5.28,34.0,23.8,Watch
30.9,65.6,2.35,43.0,39.3,Watch
51.7,5.0,0.21,32.3,22.6,Safe
19.6,68.0,0.32,30.5,14.5,Safe
19.0,63.5,2.42,39.6,42.9,Safe
23.2,39.8,1.19,32.9,34.9,Safe
91.6,23.5,0.75,15.4,30.0,Safe
86.6,29.9,1.88,18.0,15.3,Safe
12.4,31.3,3.29,55.1,28.8,Safe
127.6,68.7,1.46,78.3,33.9,Danger
40.7,36.9,4.87,41.0,20.3,Watch
57.2,61.3,4.02,14.9,32.4,Warning
22.5,42.8,3.98,58.5,47.5,Safe
42.4,46.0,12.64,23.5,34.3,Warning
14.8,16.7,1.05,36.4,37.8,Safe
21.2,24.4,3.1,29.7,27.6,Safe
75.7,68.3,5.8,32.8,21.5,Warning
77.0,42.2,2.6,23.4,26.4,Watch
59.2,50.4,4.67,49.5,42.5,Safe
29.3,77.5,1.61,27.2,31.0,Watch
12.2,42.7,2.68,39.2,30.0,Safe
99.3,41.7,0.17,38.9,26.9,Safe
81.0,66.7,12.76,28.3,19.3,Warning
6.0,45.2,4.83,7.4,45.7,Safe
77.9,50.8,6.09,17.6,29.9,Watch
30.9,62.9,3.56,40.7,26.7,Watch
68.7,45.0,0.62,34.6,32.8,Safe
10.0,59.2,0.09,17.8,26.7,Safe
23.6,42.9,6.0,30.7,35.1,Safe
44.8,62.7,1.51,33.1,25.2,Safe
131.4,52.6,0.92,38.7,33.2,Warning
44.9,40.9,2.47,57.3,31.5,Safe
89.1,46.3,1.64,0.0,50.6,Watch
49.6,5.0,3.16,48.2,51.1,Safe
48.3,66.5,1.98,33.3,39.9,Watch
61.5,22.4,3.58,14.5,31.1,Safe
39.8,25.8,5.76,32.5,40.0,Safe
74.4,37.1,0.65,51.7,39.7,Watch
15.9,12.7,1.2,56.2,27.3,Safe
40.0,53.4,1.72,14.7,15.5,Safe
138.9,51.5,9.82,17.3,13.0,Warning
91.7,36.2,1.36,10.6,30.8,Watch
52.9,32.8,1.44,33.5,27.0,Safe
83.1,32.5,3.18,34.2,26.6,Watch
115.0,56.1,1.63,44.8,24.0,Watch
5.1,16.3,9.06,36.6,23.5,Safe
33.4,37.6,6.75,43.4,38.5,Watch
23.5,17.5,2.16,9.2,5.0,Safe
10.8,58.8,3.11,56.3,37.9,Safe
152.2,38.9,0.18,49.5,29.2,Warning
63.7,54.8,3.57,22.1,46.4,Watch
81.1,67.5,3.68,18.2,34.7,Watch
24.4,67.8,1.34,41.2,14.7,Watch
32.8,26.6,0.74,6.6,13.3,Safe
41.5,50.6,7.4,19.0,20.6,Watch
55.9,65.2,1.67,14.6,34.6,Safe
72.5,57.5,3.18,28.5,14.9,Safe
69.3,59.3,0.1,23.3,33.1,Safe
34.6,12.9,1.6,18.2,39.0,Safe
118.1,57.3,5.1,16.7,26.7,Warning
102.4,30.7,1.47,20.4,23.1,Watch
51.8,57.0,2.77,12.1,10.5,Safe
42.7,56.6,0.71,38.1,47.1,Safe
32.5,55.6,1.62,46.9,50.3,Watch
56.1,43.0,7.88,36.0,44.2,Watch
98.7,68.7,2.51,50.7,29.2,Danger
43.5,54.2,6.97,17.4,31.5,Safe
26.2,50.8,6.97,18.8,38.9,Watch
42.7,28.2,8.66,36.6,33.5,Safe
52.5,52.1,6.77,38.6,5.0,Watch
14.8,80.6,0.01,30.2,41.2,Watch
11.3,20.0,8.15,29.6,44.2,Safe
26.7,58.1,0.44,14.0,42.7,Safe
117.9,60.4,0.12,0.0,36.5,Warning
95.0,76.1,0.17,38.4,41.6,Warning
8.7,58.1,1.29,44.7,17.9,Safe
18.2,45.2,2.91,23.5,31.1,Safe
71.6,52.6,1.54,21.7,25.3,Safe
29.7,40.2,0.08,20.1,46.5,Safe
58.4,66.9,1.94,24.4,33.8,Watch
9.3,17.1,1.75,45.1,30.4,Safe
42.1,36.2,4.24,16.0,21.8,Safe
38.7,53.0,0.98,39.7,21.4,Safe
81.4,66.1,0.74,22.5,20.7,Watch
55.9,44.8,0.89,0.1,39.5,Safe
46.5,30.9,1.09,24.9,38.0,Safe
7.1,41.2,2.74,54.6,34.5,Safe
141.8,38.4,1.91,19.7,39.9,Watch
68.0,39.2,1.23,26.4,23.9,Safe
22.7,37.2,1.41,30.1,13.6,Safe
45.6,37.2,1.39,33.0,38.8,Safe
30.5,14.1,10.77,53.1,31.4,Watch
35.4,50.4,0.8,18.1,40.3,Safe
94.0,57.1,5.11,30.2,36.3,Warning
18.2,72.0,3.7,41.4,31.3,Watch
70.0,60.5,0.02,19.3,34.1,Safe
96.7,59.6,14.96,31.1,46.1,Danger
62.4,50.3,4.24,44.7,29.1,Watch
36.8,13.3,3.44,22.2,39.4,Safe
21.2,50.0,1.56,27.4,35.1,Watch
24.0,47.0,2.43,12.7,15.3,Safe
46.3,63.5,0.88,44.2,18.9,Watch
43.4,55.2,0.11,32.4,31.6,Safe
76.3,42.7,5.42,23.6,27.0,Watch
10.1,80.2,6.8,25.4,22.5,Warning
93.2,60.3,0.53,29.9,42.7,Danger
204.7,51.1,4.64,35.0,17.0,Danger
39.6,53.2,4.05,20.2,30.0,Safe
35.0,46.1,0.59,21.4,23.3,Safe
37.7,45.3,1.64,26.1,46.8,Safe
45.1,5.9,1.65,32.3,57.2,Safe
32.8,28.5,4.28,54.1,28.9,Safe
5.2,35.3,5.45,18.0,40.5,Safe
37.0,53.1,0.3,5.2,44.7,Safe
47.2,15.3,2.48,51.0,41.0,Watch
100.1,35.6,4.3,16.8,39.9,Warning
17.9,33.3,4.63,52.0,14.3,Safe
127.7,47.1,0.48,48.7,43.8,Watch
31.0,53.2,2.24,38.2,35.6,Safe
20.0,33.4,5.85,48.2,29.7,Watch
68.0,34.7,1.15,2.5,31.2,Safe
28.1,32.8,1.66,9.7,34.6,Safe
40.2,38.0,4.89,34.3,29.5,Watch
42.4,44.1,0.28,24.2,28.5,Safe
65.3,68.7,5.89,18.2,22.2,Warning
39.3,26.8,1.12,42.1,37.1,Safe
36.0,76.5,0.0,33.9,30.4,Watch
30.3,22.8,0.8,45.7,24.1,Safe
60.6,62.2,0.28,24.4,33.0,Safe
26.8,36.4,0.29,29.8,32.4,Safe
102.4,28.6,3.54,53.1,37.1,Warning
42.8,68.7,0.72,10.7,31.7,Safe
7.6,46.5,8.19,28.7,38.2,Watch
52.5,45.8,2.18,16.9,29.3,Watch
59.0,40.0,1.85,55.4,30.0,Watch
103.2,34.5,1.71,66.1,34.8,Warning
22.1,41.8,3.54,33.1,35.9,Safe
19.3,5.0,1.81,37.4,44.1,Safe
66.8,11.6,0.41,28.4,42.5,Safe
91.9,52.1,6.37,27.9,31.6,Warning
21.3,66.3,1.68,31.3,17.9,Watch
51.1,69.5,0.23,9.8,38.8,Safe
39.8,27.8,2.26,39.9,37.3,Safe
22.0,48.5,3.13,15.2,34.2,Safe
38.0,5.5,0.97,24.7,39.7,Safe
87.4,38.7,4.83,30.5,28.3,Watch
42.9,59.8,3.32,18.6,16.0,Safe
36.5,44.7,3.15,39.0,23.3,Safe
64.3,39.0,1.64,22.9,5.0,Safe
92.9,44.8,9.8,46.0,36.4,Danger
17.6,68.1,0.96,16.9,31.3,Safe
52.7,40.6,2.59,27.5,40.6,Watch
31.1,46.3,1.11,13.9,39.5,Safe
43.1,72.3,4.1,44.7,27.1,Warning
68.0,40.9,0.15,25.3,23.8,Watch
33.2,15.5,0.14,21.6,24.1,Safe
39.1,69.6,5.0,27.2,51.2,Warning
82.5,63.3,1.71,28.4,30.5,Warning
57.9,5.1,1.25,36.1,29.3,Safe
38.4,42.7,2.81,38.1,34.9,Safe
46.3,44.6,3.63,27.7,16.1,Safe
43.8,69.6,0.67,29.4,28.0,Watch
6.9,44.7,0.62,0.0,23.4,Safe
46.9,48.0,9.52,23.2,21.3,Watch
12.6,48.5,2.67,51.5,29.4,Safe
91.1,36.6,1.48,36.7,32.5,Safe
12.3,68.4,4.85,13.9,19.5,Safe
29.9,30.7,2.23,24.2,28.3,Safe
25.3,36.3,0.83,21.0,32.8,Safe
114.7,44.9,0.69,46.1,36.5,Warning
88.6,20.9,1.52,44.5,29.3,Watch
2.9,76.8,5.9,18.3,35.3,Watch
41.3,45.0,0.19,30.1,28.5,Safe
15.0,59.8,0.74,13.0,44.8,Safe
47.1,27.8,6.71,20.6,37.4,Watch
66.9,57.8,0.39,21.2,25.3,Safe
50.1,59.3,2.98,19.5,27.0,Watch
69.8,61.9,0.72,35.5,35.9,Watch
33.9,79.3,2.79,50.2,26.7,Watch
51.3,35.0,1.45,29.1,12.7,Safe
68.1,41.6,0.32,14.2,35.0,Safe
28.9,29.8,2.62,33.1,28.2,Safe
19.7,43.3,3.45,33.1,38.8,Watch
24.2,57.0,3.42,27.2,32.4,Safe
38.0,56.0,3.04,57.9,38.5,Warning
42.2,74.5,2.08,33.7,57.2,Warning
53.5,53.8,2.2,38.6,44.8,Watch
22.1,45.0,3.03,0.0,28.5,Safe
69.5,25.3,3.52,15.6,36.2,Watch
132.3,60.6,3.19,37.7,33.2,Warning
25.5,42.2,2.65,34.3,34.7,Safe
181.5,61.0,0.51,24.3,16.3,Warning
144.1,37.4,0.71,36.8,42.5,Watch
42.1,66.6,0.9,43.9,8.9,Watch
37.1,52.0,7.56,22.9,31.8,Watch
23.9,62.9,4.27,20.7,14.4,Safe
76.7,51.9,2.41,26.2,25.0,Watch
44.2,28.3,0.87,37.5,34.1,Safe
47.9,38.4,0.35,21.4,40.7,Safe
20.1,22.0,6.87,42.8,42.2,Watch
78.2,48.3,6.7,22.8,30.1,Warning
34.8,18.7,0.35,21.6,41.9,Safe
16.1,50.3,4.79,65.2,31.4,Safe
39.5,5.0,1.78,11.5,24.9,Safe
21.3,59.6,1.17,41.7,35.7,Watch
103.3,25.1,4.03,2.9,22.8,Safe
142.8,27.8,2.86,39.9,30.7,Warning
40.4,69.7,4.54,70.4,27.2,Watch
86.9,50.8,0.23,45.9,16.5,Safe
85.4,60.2,1.15,50.1,35.3,Watch
0.6,26.9,1.15,28.6,33.4,Safe
24.2,62.3,1.2,44.1,43.5,Watch
45.7,42.5,2.09,33.7,13.3,Safe
29.6,47.1,1.0,60.4,24.9,Watch
22.6,71.8,1.76,13.4,43.3,Safe
89.4,24.1,1.38,47.8,37.3,Safe
28.6,61.4,3.99,36.4,39.2,Watch
53.6,51.9,2.78,16.3,46.5,Watch
84.1,41.2,3.18,25.9,24.4,Safe
107.3,25.3,0.71,6.0,23.4,Watch
16.1,41.0,1.18,0.0,40.6,Safe
17.5,30.3,0.06,12.0,38.3,Safe
49.3,66.4,0.34,24.2,30.7,Safe
5.1,46.7,0.92,31.2,30.5,Safe
18.3,32.8,0.2,10.4,22.3,Safe
96.1,19.1,2.77,25.3,47.8,Safe
65.7,36.7,18.85,33.5,52.3,Danger
38.0,67.3,0.32,21.4,43.2,Watch
58.9,47.0,5.16,13.8,38.5,Watch
68.9,41.8,0.38,19.0,37.9,Safe
11.2,75.6,3.33,50.0,35.3,Safe
28.2,37.5,3.09,4.1,14.4,Safe
104.9,30.5,6.99,47.3,27.2,Warning
50.0,52.3,0.36,50.5,40.2,Watch
52.2,52.6,1.14,24.7,23.5,Safe
40.5,34.4,0.29,36.9,33.6,Safe
7.0,30.6,1.57,18.3,43.6,Safe
25.2,71.0,7.28,34.0,43.7,Warning
56.4,37.2,4.56,63.4,41.4,Watch
28.7,18.9,3.85,49.1,34.8,Safe
16.7,48.5,2.28,22.4,40.0,Safe
18.8,61.1,6.45,10.2,29.6,Watch
106.3,41.6,1.79,25.6,49.0,Watch
27.5,54.7,0.49,34.1,16.1,Safe
92.5,26.1,5.45,40.8,32.7,Watch
52.3,56.3,0.98,28.4,27.3,Safe
34.6,27.8,0.17,56.8,38.8,Safe
21.6,50.5,0.4,30.5,28.6,Safe
67.0,58.8,2.82,22.9,56.2,Watch
84.9,46.8,2.8,37.9,41.2,Watch
71.5,22.8,0.9,40.5,22.0,Safe
12.4,23.5,3.9,18.6,5.3,Safe
27.4,73.7,4.46,15.9,20.6,Safe
30.2,31.2,7.6,5.4,37.6,Safe
5.4,58.8,2.64,25.7,29.4,Safe
58.5,47.1,4.53,48.3,26.3,Watch
64.6,26.9,4.2,40.0,24.8,Safe
63.0,35.4,0.89,46.9,40.3,Safe
55.8,75.6,1.11,20.2,28.7,Safe
32.4,100.0,1.95,27.5,27.6,Watch
20.9,39.3,0.06,1.4,41.9,Safe
32.3,38.0,1.06,45.1,47.6,Watch
52.7,15.5,1.93,50.1,20.9,Safe
98.3,15.3,0.34,14.0,43.8,Safe
44.2,29.6,0.4,54.4,30.9,Safe
43.1,37.0,1.87,26.5,41.2,Safe
6.1,44.5,3.94,13.8,38.6,Safe
55.2,57.4,5.38,25.3,32.2,Safe
103.1,49.0,2.37,39.4,32.6,Warning
38.2,57.7,1.93,29.2,38.7,Watch
36.0,33.9,1.45,21.3,21.0,Safe
30.7,43.7,0.64,38.9,20.6,Safe
68.6,38.4,0.48,40.3,52.8,Safe
5.7,22.2,4.71,27.4,43.7,Safe
92.5,9.5,1.88,24.6,41.9,Watch
34.8,33.0,4.69,21.8,30.4,Safe
56.0,5.0,3.65,37.2,15.6,Safe
72.3,24.6,0.65,5.9,26.7,Safe
18.6,54.8,2.14,18.6,36.1,Safe
41.0,48.2,1.76,27.6,43.5,Warning
34.2,45.4,1.65,18.2,36.3,Safe
14.7,66.2,2.35,33.8,36.6,Safe
84.5,31.9,12.07,32.5,30.3,Watch
32.0,57.3,5.03,67.2,38.5,Warning
14.1,30.5,7.02,18.6,22.9,Safe
43.0,50.0,0.09,29.8,33.2,Safe
10.5,47.8,0.45,15.6,29.7,Safe
28.7,48.7,0.27,59.1,46.5,Safe
51.9,38.0,0.92,55.5,5.0,Safe
9.4,50.7,1.75,6.5,30.5,Safe
65.5,52.2,3.08,27.5,34.5,Safe
44.7,19.2,2.08,30.5,13.5,Safe
72.6,60.3,7.0,24.9,39.4,Watch
72.1,22.8,8.43,22.7,30.7,Watch
27.9,29.2,0.54,41.6,22.5,Safe
28.6,49.4,5.75,56.8,42.2,Watch
59.0,55.8,1.97,42.1,24.6,Safe
16.0,49.0,1.81,43.0,40.1,Watch
16.1,50.9,4.61,24.7,33.9,Safe
24.8,24.5,0.29,45.3,27.9,Safe
11.5,35.6,6.42,45.2,21.9,Watch
14.0,8.1,3.33,22.9,24.9,Safe
14.5,28.5,6.24,26.5,40.8,Safe
32.1,20.9,15.6,6.4,43.5,Watch
30.9,45.2,2.19,9.7,38.9,Safe
80.4,87.4,0.29,23.5,31.7,Watch
32.6,58.7,0.55,14.0,38.9,Safe
38.7,5.0,1.17,42.1,35.2,Safe
126.2,17.7,0.33,27.6,26.0,Safe
3.1,21.6,5.07,38.0,22.8,Safe
48.3,13.4,1.06,11.7,28.9,Safe
34.8,39.9,11.17,49.5,25.7,Watch
52.0,49.1,3.64,37.3,33.3,Safe
26.1,21.7,0.57,36.1,48.1,Safe
32.4,41.0,1.94,44.2,34.8,Watch
95.2,49.0,1.89,34.8,46.7,Warning
58.4,57.6,2.03,14.8,32.0,Safe
33.7,47.8,2.3,39.4,30.3,Safe
21.3,50.9,0.1,18.2,16.8,Safe
16.0,44.3,3.48,33.2,38.4,Safe
27.5,26.7,2.0,18.4,25.4,Safe
36.1,30.7,4.7,54.9,23.4,Safe
125.9,21.2,5.07,40.0,21.9,Watch
45.7,72.0,0.79,45.1,35.5,Warning
23.6,18.6,0.15,18.6,26.2,Safe
3.1,62.1,3.64,34.5,48.5,Safe
20.8,18.7,11.42,32.9,43.2,Watch
27.5,58.8,1.78,31.7,26.7,Safe
49.1,62.5,0.9,0.9,8.3,Safe
28.4,65.7,0.51,59.5,33.2,Safe
129.8,26.3,1.02,29.4,28.9,Watch
34.2,48.0,1.19,37.5,40.9,Safe
82.2,34.2,1.65,10.3,32.1,Safe
8.6,29.0,3.2,52.0,43.5,Safe
39.4,45.8,0.96,50.7,36.9,Watch
21.0,59.7,0.16,42.8,19.2,Safe
83.8,34.3,1.4,34.1,24.5,Watch
30.0,50.9,5.81,65.0,27.5,Watch
97.0,28.7,2.07,44.7,30.3,Watch
64.9,26.2,10.04,9.5,29.3,Watch
26.8,39.2,2.1,33.4,39.2,Safe
15.7,40.2,0.97,38.8,37.0,Safe
22.1,57.0,0.64,31.6,27.8,Safe
32.4,22.5,3.56,38.6,38.6,Safe
64.6,83.9,2.31,51.6,20.3,Watch
40.4,12.7,2.78,27.2,39.0,Safe
72.9,49.1,4.22,24.3,40.7,Watch
102.1,39.9,3.88,13.7,34.8,Watch
42.1,33.3,0.13,2.0,37.3,Safe
17.4,41.8,4.87,25.3,38.6,Safe
53.7,57.1,2.28,19.8,42.5,Watch
139.2,59.9,1.49,26.9,39.4,Danger
75.8,41.1,2.31,21.2,44.1,Watch
50.8,51.0,2.84,13.9,16.3,Safe
19.5,21.1,0.49,21.7,33.3,Safe
35.1,41.7,1.62,37.7,31.5,Safe
9.2,52.1,1.23,22.0,33.5,Safe
14.8,5.0,1.29,27.2,41.0,Safe
54.5,46.5,0.29,61.4,33.3,Watch
7.1,42.0,0.52,46.1,32.9,Safe
31.1,67.9,0.53,33.4,36.7,Safe
13.3,48.0,1.4,33.9,16.9,Safe
15.5,53.6,6.75,19.3,47.6,Safe
42.6,40.1,0.69,23.7,31.0,Safe
22.2,56.4,1.61,25.8,46.8,Safe
10.9,55.1,1.12,31.6,23.5,Safe
26.0,21.5,4.64,29.3,22.9,Safe
10.5,50.6,0.15,13.1,29.7,Safe
93.0,66.3,0.66,38.9,32.4,Watch
67.1,62.7,0.71,21.4,26.9,Watch
66.9,45.5,14.87,58.8,24.0,Danger
20.4,50.8,2.54,48.7,35.7,Safe
55.8,61.5,0.45,5.1,46.5,Watch
47.4,24.5,0.95,26.2,48.6,Safe
21.7,53.5,0.55,54.1,29.1,Watch
38.5,9.5,0.4,39.9,21.2,Safe
8.7,60.5,4.79,31.3,29.4,Safe
16.1,38.1,2.05,0.0,49.1,Safe
37.6,43.4,2.99,26.7,42.3,Safe
27.3,35.0,1.21,33.2,35.9,Safe
52.3,44.3,2.42,0.0,27.3,Safe
22.2,49.6,0.89,39.2,41.1,Watch
30.7,58.6,1.1,19.5,54.6,Safe
40.1,68.4,3.17,34.5,30.6,Safe
20.7,45.9,0.49,32.0,12.3,Safe
30.3,15.1,2.88,26.2,21.7,Safe
47.1,68.5,5.74,41.9,32.6,Watch
110.9,18.5,0.38,34.2,30.4,Watch
20.8,37.4,6.83,70.7,45.6,Watch
27.4,36.2,0.25,56.7,26.1,Safe
75.3,45.2,1.29,14.8,30.3,Safe
88.3,22.3,2.83,47.8,25.5,Safe
59.6,21.4,2.46,19.0,39.8,Safe
86.8,44.6,0.3,12.4,23.4,Watch
19.7,30.6,4.81,7.9,29.7,Safe
81.2,69.2,10.85,24.6,16.8,Danger
68.8,35.1,0.6,45.1,26.7,Safe
15.3,26.5,6.77,32.4,48.6,Watch
31.1,75.1,2.44,37.6,49.8,Watch
4.2,53.5,8.24,0.0,38.7,Safe
44.6,93.9,0.58,26.6,36.4,Warning
80.2,10.4,4.71,14.2,25.7,Safe
26.3,48.7,0.18,6.3,34.0,Safe
17.1,53.7,6.44,11.9,33.7,Safe
16.0,45.5,3.36,31.1,32.2,Safe
39.7,38.5,1.39,39.9,40.1,Safe
59.3,67.4,0.63,16.3,22.6,Watch
112.5,53.4,5.09,38.8,57.6,Danger
3.8,14.6,2.77,42.2,48.2,Safe
103.5,29.4,1.34,34.9,23.9,Watch
46.4,24.0,1.76,17.1,33.1,Safe
77.7,42.8,5.26,22.5,26.0,Watch
66.0,62.1,1.24,34.9,38.4,Watch
41.5,38.2,0.28,19.3,31.1,Safe
40.3,40.4,7.27,39.7,13.2,Safe
53.4,27.4,1.47,13.4,22.8,Safe
33.0,58.7,1.28,35.7,45.3,Safe
35.1,67.2,0.69,43.6,29.8,Safe
61.3,44.4,6.83,32.9,29.7,Watch
20.7,73.4,0.74,15.1,38.7,Safe
82.7,35.2,3.04,5.5,41.4,Safe
78.1,19.9,6.38,13.4,31.1,Watch
27.5,59.5,0.11,37.3,10.3,Watch
61.8,43.3,5.29,26.9,24.0,Watch
56.3,34.5,1.59,21.0,10.6,Safe
25.2,46.4,3.22,36.0,18.0,Safe
65.0,16.5,1.4,0.2,32.8,Safe
108.5,13.5,3.57,26.1,32.5,Safe
84.6,46.7,0.88,13.4,44.8,Safe
10.7,52.8,0.07,9.7,31.7,Safe
57.7,70.1,8.86,22.3,23.2,Watch
75.6,61.0,0.05,67.1,44.0,Warning
23.9,56.4,5.21,39.5,49.5,Watch
82.7,67.9,0.56,13.0,41.2,Safe
21.6,53.8,1.49,48.2,31.3,Safe
32.7,38.8,5.19,10.4,28.9,Safe
22.3,61.4,0.69,52.8,20.1,Safe
19.3,60.8,6.02,16.8,24.1,Watch
53.4,44.9,2.07,31.6,27.5,Safe
11.8,23.4,1.37,61.3,18.8,Safe
34.2,12.9,3.26,24.7,28.7,Safe
53.4,60.2,1.25,57.6,29.2,Watch
22.6,53.6,1.28,28.9,44.7,Safe
92.4,56.1,3.97,28.7,15.8,Watch
36.4,60.8,1.11,16.7,33.7,Watch
120.0,28.8,0.67,51.2,18.4,Watch
10.4,11.2,4.95,22.6,12.4,Safe
54.9,54.3,4.91,58.6,27.1,Warning
47.3,66.6,2.06,20.6,32.2,Watch
29.9,51.3,2.24,23.2,44.7,Safe
41.7,18.2,3.57,45.1,29.3,Safe
60.8,49.3,2.14,28.4,26.6,Safe
69.0,24.8,1.62,34.3,25.0,Safe
37.3,17.2,15.83,10.4,26.8,Watch
55.4,44.9,0.48,31.7,5.0,Watch
20.6,47.9,2.69,35.6,23.8,Safe
69.9,43.2,6.51,55.9,40.0,Warning
104.7,52.9,3.49,22.8,7.5,Warning
73.7,30.8,6.38,35.1,27.8,Warning
22.4,46.5,1.23,48.2,29.1,Safe
17.8,36.3,0.95,30.6,39.2,Watch
170.2,40.5,5.72,46.3,33.2,Danger
100.1,49.8,1.5,67.5,36.2,Danger
69.2,64.1,3.71,30.4,24.5,Watch
109.3,50.3,0.48,49.9,14.4,Warning
40.7,56.2,4.23,37.7,26.7,Safe
68.3,45.2,2.39,42.9,30.6,Watch
91.8,53.8,0.94,40.6,43.6,Watch
33.0,63.6,2.05,46.0,17.7,Safe
57.7,78.8,3.58,45.0,52.9,Warning
85.1,66.8,0.04,28.9,33.7,Watch
16.7,44.0,3.04,21.7,24.4,Safe
30.4,65.6,2.34,36.4,23.9,Watch
83.8,54.9,0.75,8.2,30.4,Watch
48.2,34.1,4.19,39.3,31.3,Safe
43.6,55.1,1.08,41.2,32.1,Safe
39.8,24.7,0.97,27.3,38.4,Safe
89.7,55.2,1.91,30.7,25.4,Watch
18.4,76.5,3.38,43.7,33.1,Warning
28.8,59.8,7.93,41.2,28.7,Watch
11.6,66.5,0.46,43.9,48.5,Safe
32.2,38.2,1.51,41.7,13.9,Safe
46.5,53.7,0.21,31.6,53.5,Safe
6.1,57.6,4.26,29.8,23.2,Safe
20.9,39.5,1.78,36.3,21.1,Safe
48.2,57.3,3.68,51.8,29.0,Watch
57.1,53.2,1.17,34.0,34.2,Watch
125.7,57.5,5.58,49.6,28.4,Danger
63.2,26.5,2.3,0.0,38.0,Safe
36.2,68.0,8.63,34.8,27.5,Warning
45.6,53.1,0.25,31.2,25.6,Safe
46.7,42.9,2.17,5.0,22.8,Safe
28.8,43.3,4.36,7.3,44.6,Safe
49.7,44.3,2.75,36.9,35.8,Watch
27.7,30.1,0.07,31.6,20.4,Safe
51.5,66.4,10.76,41.9,27.5,Watch
39.8,62.3,1.06,0.0,18.8,Safe
34.9,63.5,0.86,46.0,59.3,Warning
35.7,72.2,1.99,46.2,33.8,Warning
70.6,48.4,2.34,9.3,12.1,Safe
66.0,15.2,4.36,51.1,18.4,Safe
33.5,56.3,1.5,56.9,19.5,Watch
68.7,55.6,1.74,10.0,34.9,Watch
39.2,73.0,2.3,31.6,15.0,Safe
39.7,64.5,1.5,33.0,18.3,Watch
28.8,47.4,7.38,3.0,29.5,Safe
117.1,42.4,5.72,25.0,31.2,Warning
109.1,63.1,1.82,51.1,26.5,Warning
24.0,5.0,0.0,17.1,27.8,Safe
32.0,49.3,6.94,57.4,17.6,Watch
54.4,62.0,0.4,35.5,36.5,Watch
61.7,42.8,0.84,18.1,12.0,Safe
17.0,38.1,0.5,30.7,30.4,Safe
19.7,50.3,0.59,8.0,49.8,Safe
61.8,69.3,4.87,36.4,28.3,Danger
10.6,53.1,2.6,27.1,18.0,Safe
24.2,32.8,9.38,23.6,30.8,Safe
76.1,66.9,0.79,8.3,28.9,Watch
73.7,70.4,1.99,28.8,33.8,Watch
112.9,30.5,11.37,33.1,33.7,Danger
138.2,95.4,5.25,9.4,41.6,Danger
215.4,45.0,3.91,46.2,27.0,Danger
31.2,62.1,0.63,34.2,23.6,Safe
25.6,58.1,4.4,17.3,23.9,Safe
55.9,32.4,1.28,28.6,25.4,Safe
11.9,36.9,2.27,42.6,34.9,Safe
34.4,46.2,2.82,50.5,18.2,Safe
46.4,11.3,2.82,53.8,22.5,Safe
59.0,59.8,3.89,57.0,32.5,Safe
63.5,10.9,3.25,10.0,44.0,Safe
33.6,45.3,0.21,19.3,23.2,Safe
13.8,32.9,1.83,9.0,35.5,Safe
16.8,55.4,3.27,46.4,29.9,Safe
5.2,5.3,1.05,27.4,37.0,Safe
26.3,15.1,1.13,48.9,32.6,Safe
11.7,34.3,0.4,8.7,32.3,Safe
27.9,54.3,1.63,19.7,57.5,Safe
55.5,49.0,12.99,18.0,61.3,Warning
14.1,63.9,1.01,48.6,29.4,Watch
44.5,46.9,2.27,40.5,22.8,Watch
33.3,44.7,4.08,0.0,34.4,Safe
53.4,25.7,0.04,23.0,38.0,Safe
62.7,41.0,6.92,44.4,45.2,Warning
31.7,44.6,1.47,46.7,9.6,Safe
41.7,8.0,6.1,36.2,27.9,Safe
33.4,29.0,0.12,32.7,26.9,Safe
28.6,53.3,0.47,16.0,23.9,Safe
23.1,48.2,1.17,46.1,17.0,Safe
58.7,40.4,1.27,12.0,29.8,Safe
99.9,34.1,5.65,5.8,39.0,Watch
92.0,13.6,0.03,33.1,19.6,Safe
12.8,5.8,3.07,23.4,32.9,Safe
98.7,39.5,0.42,40.9,36.2,Watch
18.7,71.8,5.2,37.3,48.4,Watch
46.4,45.7,4.52,55.6,38.4,Warning
52.6,63.4,2.08,36.1,31.1,Safe
9.8,23.8,0.72,45.9,35.1,Safe
36.3,50.1,3.02,17.2,39.6,Watch
102.8,32.3,0.51,40.7,33.2,Warning
3.2,31.6,0.63,25.9,39.9,Safe
178.6,58.4,2.96,22.6,28.7,Danger
4.9,42.8,14.21,16.5,44.0,Watch
51.7,20.1,6.65,53.1,26.9,Safe
10.3,46.8,2.7,29.9,25.1,Safe
57.7,32.1,2.32,18.2,27.3,Safe
89.3,19.0,19.29,40.2,22.3,Danger
73.4,27.1,2.38,23.4,39.5,Watch
81.9,81.8,1.63,18.0,16.3,Watch
33.5,66.8,7.21,73.5,27.7,Danger
102.3,8.7,0.8,11.9,35.2,Watch
152.8,41.6,0.31,58.0,32.1,Danger
44.7,42.9,3.02,17.8,31.6,Safe
30.6,40.2,0.3,39.4,30.6,Safe
21.2,33.0,1.4,28.5,33.6,Safe
70.2,58.4,1.65,41.0,22.0,Warning
84.5,62.0,2.38,9.3,27.2,Watch
30.6,63.9,14.36,7.4,29.4,Watch
117.4,50.9,0.75,41.5,36.6,Watch
66.1,56.0,1.41,3.3,41.4,Safe
44.3,38.8,0.43,12.5,30.7,Safe
52.9,16.6,2.81,28.7,39.3,Safe
17.2,16.2,3.9,10.6,32.9,Safe
69.6,29.7,1.97,12.5,31.3,Safe
18.3,41.4,0.85,23.8,39.8,Safe
27.4,21.9,2.91,0.0,17.5,Safe
39.4,24.7,2.32,9.0,36.4,Safe
137.2,38.2,0.56,50.1,25.1,Safe
49.8,60.6,1.56,44.4,42.4,Watch
20.0,51.0,1.71,64.0,25.4,Watch
53.1,29.5,12.16,38.9,28.9,Watch
63.4,45.8,5.68,49.5,16.4,Watch
94.1,21.1,3.98,23.7,35.7,Safe
40.9,29.5,6.59,27.2,27.8,Safe
22.8,15.2,3.99,36.2,26.6,Safe
161.4,52.7,7.01,1.6,32.3,Warning
53.1,39.9,0.17,38.2,15.3,Safe
20.1,42.2,1.83,20.6,25.1,Safe
40.6,59.5,4.12,23.2,30.1,Safe
27.4,27.0,2.63,45.0,46.6,Safe
98.0,53.4,0.58,6.7,33.8,Safe
62.9,80.7,1.25,30.8,36.0,Watch
32.4,27.3,1.15,36.7,32.6,Safe
84.6,16.9,0.91,22.0,66.1,Safe
38.1,22.4,1.26,30.6,41.0,Safe
39.9,52.0,2.17,31.3,11.7,Watch
22.2,76.4,5.79,43.5,34.2,Safe
22.1,75.7,4.06,27.3,42.9,Warning
154.5,60.2,5.41,11.2,17.5,Watch
81.9,60.8,6.45,21.3,33.0,Warning
6.3,53.4,1.61,24.8,26.6,Safe
17.9,58.1,1.27,18.0,23.5,Safe
14.6,50.5,0.18,32.8,45.4,Safe
43.6,30.6,8.0,32.1,25.4,Watch
29.7,75.8,0.2,31.3,25.5,Safe
111.4,69.0,4.05,16.5,23.0,Warning
32.0,31.0,1.42,31.9,21.1,Safe
144.2,56.7,8.91,49.3,26.5,Danger
39.0,71.3,1.63,34.4,26.0,Watch
165.0,52.5,5.09,46.1,20.1,Danger
35.5,41.3,1.0,31.6,31.7,Safe
36.0,70.7,1.07,20.4,6.7,Safe
80.6,49.6,2.72,42.9,33.0,Warning
72.7,33.7,18.62,8.9,41.8,Danger
12.3,24.3,2.19,21.6,26.7,Safe
44.4,5.0,8.26,27.9,35.5,Safe
29.4,80.5,4.63,39.8,29.5,Warning
27.8,29.9,4.77,49.1,55.5,Safe
44.3,62.4,1.72,42.7,41.7,Watch
33.0,28.4,1.47,41.2,23.3,Safe
47.9,48.0,0.64,43.0,44.9,Watch
17.2,53.1,9.97,45.1,56.1,Watch
9.5,22.7,9.61,12.9,29.8,Safe
82.8,62.2,4.12,63.1,36.9,Warning
91.7,41.4,1.05,46.6,42.1,Watch
79.3,54.9,0.84,27.3,20.8,Warning
42.8,71.2,13.43,35.6,13.7,Danger
31.0,58.3,0.21,10.3,33.6,Safe
24.7,43.3,5.57,26.1,23.8,Safe
20.9,80.0,1.32,24.9,29.8,Watch
39.1,44.2,1.63,23.6,42.2,Safe
90.1,46.7,5.35,42.2,37.7,Watch
23.0,42.1,0.28,31.6,37.6,Safe
90.3,22.9,1.31,12.1,30.7,Watch
10.1,21.0,9.11,12.4,25.6,Safe
49.7,35.0,3.6,0.5,24.9,Safe
57.6,26.8,4.22,43.2,49.4,Watch
27.0,40.0,4.25,26.6,54.6,Safe
16.1,59.9,0.19,41.3,42.8,Safe
75.4,37.6,0.68,77.1,29.2,Watch
43.0,49.0,2.03,16.5,20.9,Safe
197.8,35.9,1.38,34.9,59.2,Danger
91.1,90.8,1.59,51.6,36.5,Danger
91.6,72.1,4.56,22.7,36.3,Warning
2.3,40.5,0.04,24.9,26.0,Safe
23.4,49.9,3.24,38.0,38.9,Safe
14.4,20.9,0.0,68.1,29.9,Safe
4.9,41.1,0.2,39.5,21.4,Safe
40.4,34.2,1.57,17.4,28.6,Safe
74.1,58.4,5.52,19.2,36.0,Watch
17.7,28.3,0.47,22.7,47.3,Safe
5.2,74.8,2.43,2.7,16.3,Safe
19.1,43.8,3.4,27.6,19.6,Safe
36.7,29.4,0.78,30.1,27.7,Safe
34.6,45.6,2.15,30.7,22.6,Watch
42.0,58.3,7.27,8.3,32.0,Watch
56.7,54.4,2.15,35.2,27.1,Watch
41.2,47.8,0.51,15.2,33.2,Safe
77.0,60.8,2.97,26.4,33.7,Watch
18.0,59.7,2.69,18.9,18.5,Safe
33.5,59.8,0.08,47.3,29.9,Watch
63.5,40.0,0.28,19.7,24.0,Safe
51.4,39.9,0.51,50.2,43.4,Safe
133.2,41.3,0.44,32.0,25.2,Safe
18.7,36.1,0.9,36.3,27.0,Safe
64.4,46.9,1.82,31.2,22.9,Watch
24.5,44.9,1.39,17.2,31.7,Safe
22.2,74.8,6.64,36.1,30.5,Warning
87.4,35.9,2.84,23.6,46.8,Watch
40.9,27.2,6.27,34.8,31.7,Safe
50.8,56.6,2.25,39.1,45.5,Watch
26.1,46.3,0.28,58.6,47.4,Watch
27.4,32.6,1.87,37.1,28.5,Safe
9.3,59.1,5.18,44.3,30.2,Safe
47.8,40.0,0.65,39.9,26.3,Safe
16.4,72.4,0.29,26.6,19.7,Safe
37.3,27.9,1.2,40.2,55.6,Warning
76.9,34.5,1.48,28.1,26.3,Safe
6.7,47.3,1.1,23.8,23.0,Safe
232.1,69.4,0.44,13.7,21.4,Danger
21.8,32.2,0.87,39.8,25.7,Safe
38.1,51.8,3.44,21.5,29.0,Safe
50.7,24.0,1.46,39.4,44.4,Safe
21.1,61.5,3.0,30.1,50.1,Warning
28.2,33.3,2.31,25.7,11.2,Safe
89.3,56.1,2.39,17.0,47.9,Warning
71.2,57.1,0.86,49.5,48.8,Watch
34.0,12.3,2.21,24.1,25.8,Safe
41.6,48.8,0.07,53.8,22.9,Watch
46.3,35.9,1.7,17.7,37.2,Safe
62.4,54.0,2.55,52.6,25.6,Watch
65.6,29.3,0.6,31.3,47.0,Safe
64.4,34.5,0.89,42.9,36.9,Watch
29.8,66.6,0.74,10.5,24.5,Safe
45.2,65.2,0.22,10.4,34.9,Safe
82.9,27.1,1.28,33.9,32.7,Safe
161.2,77.3,11.58,14.8,12.8,Danger
44.3,5.0,1.31,49.9,22.1,Safe
26.5,48.9,1.85,35.5,25.4,Safe
20.8,21.9,3.18,20.3,35.8,Safe
64.7,51.7,3.14,16.2,37.7,Watch
8.9,40.3,8.98,25.7,44.1,Safe
65.2,26.7,5.85,21.5,25.0,Safe
66.0,31.7,4.74,37.4,17.2,Safe
27.4,30.8,9.09,28.8,23.5,Safe
49.9,46.4,0.79,47.5,24.9,Watch
34.9,62.5,2.88,39.5,24.0,Watch
11.8,80.3,6.55,17.0,31.8,Watch
61.8,41.9,2.94,23.6,39.0,Watch
57.9,50.4,11.37,17.0,27.9,Watch
29.2,66.4,0.32,17.0,37.0,Safe
159.5,36.9,1.74,3.1,41.7,Watch
41.9,30.9,11.36,44.1,31.9,Watch
6.0,80.1,1.43,49.4,20.6,Safe
85.9,41.8,4.04,15.2,29.2,Warning
72.6,48.9,0.09,13.7,42.2,Watch
78.7,16.1,3.56,38.4,38.3,Safe
17.2,35.6,8.18,17.7,21.3,Safe
48.9,79.0,1.45,49.1,43.8,Danger
41.3,53.3,0.06,19.2,28.7,Safe
36.3,44.5,0.08,0.0,21.3,Safe
101.5,70.1,6.68,28.0,31.7,Danger
42.3,15.4,3.85,21.1,16.8,Safe
30.0,37.5,0.34,32.2,38.5,Safe
29.8,85.9,0.17,24.8,43.4,Warning
16.0,44.1,4.9,38.6,22.0,Watch
45.5,44.0,4.98,36.3,30.3,Watch
106.8,66.2,0.39,34.9,40.7,Warning
32.1,67.5,1.08,32.9,18.7,Safe
51.0,21.6,4.54,30.0,19.8,Safe
35.9,52.7,2.24,9.0,29.6,Watch
38.9,76.6,9.41,35.8,29.2,Warning
74.9,33.4,1.97,41.0,32.5,Safe
15.8,38.3,3.39,35.2,30.9,Safe
9.9,45.5,2.14,27.0,18.7,Safe
86.0,57.5,8.59,38.9,15.8,Warning
26.7,19.3,1.53,33.5,18.8,Safe
30.3,5.0,0.78,40.7,37.0,Safe
182.2,48.9,1.19,28.7,41.5,Danger
72.3,66.0,5.75,8.6,31.1,Warning
19.5,39.4,2.07,27.3,39.1,Safe
90.1,34.0,1.31,15.8,25.9,Watch
73.5,42.0,2.36,23.0,28.3,Safe
0.6,73.8,0.43,31.3,41.2,Safe
46.8,33.0,0.02,44.9,36.7,Safe
16.6,55.3,0.99,40.0,33.8,Safe
38.9,24.2,2.79,33.1,30.5,Safe
161.5,25.1,3.73,48.7,20.4,Warning
77.1,60.2,5.26,30.7,32.9,Danger
84.4,74.4,7.84,33.0,35.1,Danger
35.9,61.0,1.59,24.3,54.1,Safe
84.7,8.0,4.05,14.0,31.2,Safe
22.4,37.4,0.23,38.4,28.3,Safe
46.3,49.3,0.18,6.5,34.8,Safe
74.7,46.1,0.4,16.0,46.5,Watch
73.1,10.4,1.79,32.7,35.5,Safe
10.5,21.7,0.71,17.3,30.2,Safe
138.8,30.6,1.01,30.3,24.1,Warning
18.8,43.8,3.13,32.2,23.7,Safe
203.5,10.2,1.33,21.6,39.8,Warning
76.2,55.8,2.45,30.8,29.1,Watch
71.7,43.3,1.6,30.6,52.1,Watch
20.3,26.2,0.56,12.9,32.8,Safe
27.7,48.5,0.23,38.2,36.9,Safe
131.5,19.1,0.81,0.0,26.5,Watch
120.3,44.1,0.18,58.2,23.8,Warning
36.7,12.6,2.89,38.0,39.6,Safe
34.3,15.2,4.76,45.3,44.0,Watch
35.1,36.8,1.25,39.9,22.1,Safe
90.5,32.1,1.47,29.4,24.7,Safe
84.6,51.9,5.08,18.4,25.4,Watch
55.5,44.7,0.76,29.6,38.8,Watch
46.7,82.8,0.38,42.5,35.6,Watch
36.4,40.2,2.09,17.7,31.0,Safe
193.0,5.0,3.12,32.4,24.2,Warning
11.8,8.4,2.75,2.8,48.1,Safe
30.7,23.5,3.75,17.9,41.8,Safe
52.7,100.0,0.18,17.1,12.0,Watch
9.5,44.3,1.68,55.2,40.6,Watch
26.2,65.0,0.82,9.9,29.1,Safe
160.1,63.1,4.27,36.0,26.0,Danger
80.7,22.2,6.18,53.9,39.7,Warning
26.0,12.7,0.99,45.1,35.5,Safe
25.3,56.6,0.3,52.8,32.9,Watch
11.9,5.0,0.88,55.0,23.0,Safe
29.1,62.6,0.33,30.8,42.1,Safe
62.8,42.9,1.17,37.1,19.6,Safe
55.3,56.1,2.32,32.9,39.7,Watch
30.4,50.5,10.91,37.2,32.9,Watch
18.5,51.4,1.53,36.3,31.6,Safe
36.0,46.9,0.75,55.8,26.5,Safe
35.4,50.1,0.55,34.4,33.6,Safe
73.6,45.8,0.57,15.7,18.2,Safe
49.6,20.2,0.64,38.9,44.3,Watch
44.7,37.9,4.31,41.0,28.0,Safe
96.0,84.1,0.19,17.7,25.1,Watch
119.5,50.7,17.86,17.1,30.0,Danger
54.8,65.6,2.22,44.3,28.3,Watch
55.8,27.3,2.36,22.0,44.4,Safe
38.0,27.0,1.33,23.8,14.7,Safe
20.1,23.3,3.52,23.1,31.3,Safe
77.8,21.0,1.91,33.7,47.8,Watch
67.5,15.8,1.2,46.5,32.7,Safe
40.5,49.2,0.92,40.0,33.9,Watch
49.7,38.6,7.8,23.1,31.7,Safe
91.7,60.8,1.03,50.1,25.5,Watch
102.3,39.4,1.72,43.0,37.4,Watch
2.5,5.0,1.29,44.9,30.1,Safe
24.5,53.0,0.27,44.4,33.4,Watch
40.4,8.5,0.62,22.3,37.5,Safe
16.0,48.9,0.63,16.2,36.4,Safe
50.7,31.1,3.55,24.9,33.0,Safe
25.7,49.2,1.57,44.9,41.0,Safe
51.9,19.0,4.57,12.3,42.1,Safe
26.3,59.0,3.7,10.3,39.8,Watch
27.3,45.7,0.64,2.8,42.6,Safe
51.6,38.8,2.48,11.2,45.6,Safe
80.1,14.5,4.07,18.2,19.9,Safe
64.8,77.6,3.01,31.9,59.6,Watch
40.6,28.7,2.75,12.7,33.6,Safe
6.6,49.7,4.04,39.9,29.6,Safe
26.7,27.9,0.18,30.7,33.7,Safe
24.3,100.0,3.94,0.0,17.2,Watch
70.5,47.7,0.96,29.7,34.3,Safe
47.0,33.9,2.55,32.1,24.1,Safe
48.3,55.9,0.83,58.7,32.7,Warning
20.9,58.5,5.48,33.6,33.4,Watch
105.1,52.1,1.97,3.5,26.1,Warning
48.0,39.2,3.09,33.4,14.0,Safe
19.8,52.9,4.74,32.6,34.7,Watch
21.1,42.2,6.77,39.1,32.0,Warning
53.3,44.5,3.95,69.6,33.9,Watch
19.1,30.9,0.48,22.0,27.8,Safe
24.6,18.7,5.78,20.2,25.4,Safe
15.3,55.1,2.89,37.0,29.8,Safe
70.0,55.9,2.82,57.4,33.4,Warning
19.5,68.3,7.63,40.1,38.7,Warning
116.9,45.9,0.86,24.9,23.9,Watch
58.3,41.1,0.82,44.8,39.9,Safe
15.2,19.6,2.16,56.9,38.5,Safe
64.3,44.3,4.17,18.5,37.2,Safe
105.2,51.5,1.78,15.0,50.3,Watch
39.3,12.2,3.01,30.8,14.4,Safe
113.6,64.2,1.81,34.5,51.5,Danger
59.1,32.2,2.83,50.8,25.5,Safe
25.7,41.5,5.18,23.0,34.4,Safe
161.8,55.8,0.6,36.0,32.4,Danger
11.5,44.9,3.57,53.4,18.6,Watch
32.1,70.3,4.65,33.4,37.3,Safe
40.6,56.3,1.78,24.1,40.6,Watch
144.1,42.3,1.17,38.6,36.2,Danger
71.2,5.0,0.04,25.0,17.2,Safe
63.0,62.9,4.79,35.1,19.6,Watch
22.4,23.8,1.19,27.2,25.0,Safe
38.1,60.3,1.33,27.8,44.7,Safe
26.2,53.8,1.23,24.0,33.0,Safe
61.4,41.4,2.07,21.4,12.0,Safe
94.1,62.2,3.64,44.9,52.6,Danger
186.1,54.4,4.43,32.8,47.0,Danger
28.7,50.9,1.5,49.1,21.1,Safe
11.2,14.1,3.26,0.0,27.9,Safe
32.6,45.7,3.83,22.2,29.1,Safe
85.5,22.6,1.06,18.9,37.2,Safe
20.0,25.3,0.3,26.2,34.0,Safe
41.8,38.5,6.75,14.5,25.2,Safe
63.5,71.3,3.39,5.9,45.1,Watch
29.2,51.6,3.13,40.1,49.4,Watch
49.6,52.8,0.18,21.1,31.5,Safe
18.3,58.9,5.11,38.3,26.3,Watch
98.6,29.3,2.5,12.3,48.0,Watch
34.6,16.6,5.65,5.5,10.1,Safe
48.5,13.4,11.01,33.6,23.1,Safe
6.9,49.2,9.45,39.5,41.8,Warning
16.0,62.8,5.82,20.8,45.9,Watch
83.5,61.4,0.03,14.7,28.8,Watch
28.9,30.0,6.51,48.7,54.8,Safe
19.2,69.4,0.23,29.1,7.6,Safe
10.3,81.8,5.72,15.0,42.9,Warning
97.4,55.9,0.99,7.5,32.9,Safe
69.0,71.8,2.83,19.7,27.1,Safe
65.9,60.7,0.12,24.1,40.8,Safe
124.0,40.9,4.42,41.4,28.1,Danger
32.1,33.0,0.36,29.7,21.1,Safe
11.4,16.0,1.59,28.0,33.2,Safe
43.7,37.0,5.1,16.3,31.5,Safe
139.9,40.7,3.57,50.7,24.2,Danger
44.3,41.1,0.02,44.6,26.3,Watch
92.5,43.0,1.55,43.5,27.9,Watch
11.8,5.0,0.13,29.1,15.7,Safe
22.0,59.0,3.36,36.0,15.1,Safe
80.1,61.1,10.42,0.0,41.3,Warning
47.8,51.7,3.19,33.0,17.8,Safe
38.7,24.0,0.76,58.8,31.8,Safe
91.6,51.6,1.32,21.3,13.3,Safe
79.4,45.4,11.27,15.2,47.1,Warning
48.8,53.5,0.76,27.9,29.3,Watch
2.5,72.9,2.47,17.1,43.2,Watch
42.3,41.8,1.53,16.1,53.1,Watch
57.8,48.3,4.39,34.0,19.1,Watch
7.1,29.4,6.06,42.4,25.2,Safe
56.4,61.6,1.25,34.1,40.7,Safe
94.5,57.6,3.24,12.8,25.7,Safe
42.2,48.9,2.39,20.0,34.9,Safe
17.2,26.0,0.98,34.8,33.0,Safe
3.0,32.7,0.95,39.9,8.6,Safe
57.2,12.0,2.32,26.9,41.4,Safe
8.2,32.5,0.5,16.6,30.6,Safe
65.5,57.8,5.0,41.6,20.1,Watch
135.4,52.1,0.21,57.2,47.5,Danger
22.9,47.9,0.3,46.9,25.0,Safe
35.3,71.7,1.26,59.8,24.4,Watch
140.6,50.5,0.38,20.7,14.0,Watch
46.2,34.6,1.94,45.5,38.0,Watch
29.1,32.4,1.53,49.3,32.4,Safe
85.5,40.8,3.84,22.7,14.6,Watch
30.5,36.9,9.17,17.6,34.5,Watch
21.6,62.2,4.2,15.6,40.3,Safe
64.8,52.6,0.59,28.6,36.6,Watch
90.2,39.2,8.22,7.4,45.2,Watch
21.5,39.9,1.49,55.3,26.0,Watch
49.1,57.7,1.93,10.7,49.7,Safe
36.5,63.2,1.64,36.3,32.0,Safe
41.3,11.8,0.99,0.0,40.0,Safe
17.4,41.9,6.76,60.7,44.8,Safe
68.3,46.6,1.21,48.7,58.5,Watch
116.6,54.9,2.59,6.1,21.2,Watch
21.0,47.0,0.82,34.6,24.6,Safe
68.3,52.3,4.79,26.4,33.9,Watch
84.1,40.7,4.46,32.3,28.3,Watch
48.9,30.5,1.05,39.5,24.0,Safe
66.2,59.1,3.43,18.0,16.8,Safe
23.3,59.7,3.65,29.2,33.3,Safe
112.2,56.7,2.48,2.9,40.0,Warning
90.7,59.9,2.75,31.2,35.5,Watch
97.8,27.5,2.56,0.0,15.7,Safe
14.7,35.9,0.26,49.6,15.9,Safe
60.4,65.2,3.33,8.0,32.6,Watch
24.8,51.4,1.9,34.4,29.6,Safe
118.7,46.0,1.73,42.4,28.8,Warning
21.4,40.5,5.9,58.0,29.2,Safe
50.3,67.8,0.07,56.6,27.0,Safe
4.9,13.1,0.87,50.9,33.5,Safe
50.2,50.3,0.39,29.8,43.0,Safe
14.9,43.8,0.11,46.7,22.7,Safe
62.6,22.5,0.97,34.1,36.5,Watch
37.4,74.1,13.39,35.4,32.8,Danger
31.2,5.0,0.95,20.7,14.2,Safe
120.7,47.2,3.27,56.1,25.4,Warning
169.2,54.5,0.38,18.0,32.1,Warning
10.9,27.4,2.76,13.9,53.6,Safe
32.0,50.0,12.5,36.1,24.7,Watch
76.0,41.0,1.04,3.1,25.9,Watch
55.4,62.8,5.65,31.8,36.1,Warning
73.1,100.0,18.06,54.5,30.9,Danger
39.5,51.1,2.66,36.2,19.4,Safe
93.3,55.9,1.11,30.5,14.6,Safe
48.7,27.4,3.36,17.4,13.4,Safe
57.8,48.9,5.59,7.5,40.5,Watch
14.9,38.3,0.56,43.0,21.7,Safe
45.1,59.0,1.81,30.4,55.7,Warning
76.6,19.3,1.15,39.4,26.7,Safe
53.1,25.7,1.0,0.0,39.7,Safe
46.6,66.2,5.92,41.0,20.4,Warning
60.4,48.8,1.64,59.8,33.9,Watch
48.5,68.8,1.24,50.1,46.1,Watch
40.6,51.5,2.78,34.4,28.5,Safe
78.3,54.2,0.74,14.3,21.1,Safe
38.4,39.4,0.78,31.8,28.3,Safe
14.0,41.5,2.2,32.3,29.8,Safe
117.1,62.4,1.58,22.6,22.1,Warning
25.4,42.4,1.05,23.7,48.5,Safe
10.3,66.3,0.17,61.5,32.2,Watch
65.8,43.0,2.21,15.5,44.8,Safe
127.1,23.8,5.09,23.6,42.7,Watch
67.0,22.1,5.72,38.4,49.0,Safe
106.0,41.9,0.81,62.7,19.4,Watch
19.3,61.5,2.75,25.5,38.4,Safe
14.2,33.0,5.81,3.0,27.0,Safe
31.9,58.2,1.58,0.0,30.6,Safe
88.6,46.8,8.07,67.8,21.2,Danger
62.8,55.9,7.0,1.4,55.3,Warning
66.1,39.8,0.7,31.1,24.6,Safe
46.6,48.3,0.9,7.3,38.5,Safe
32.5,61.9,0.6,18.2,19.1,Safe
48.2,44.7,0.65,20.3,29.5,Safe
37.4,35.6,7.15,0.7,42.6,Safe
30.6,12.3,8.03,48.3,35.5,Watch
56.5,54.7,0.16,36.5,22.6,Watch
34.6,31.1,2.7,23.6,24.8,Safe
51.9,35.6,2.49,21.4,33.6,Safe
5.7,25.7,1.49,46.3,31.8,Safe
48.7,40.9,3.0,31.3,18.9,Safe
34.4,82.8,8.83,61.3,28.2,Warning
109.9,51.3,0.56,23.3,30.5,Warning
9.8,33.4,0.38,36.4,37.7,Safe
46.0,36.8,0.1,11.5,42.1,Safe
77.2,19.1,1.36,23.5,38.7,Safe
38.5,24.6,1.24,45.6,35.4,Safe
33.5,21.8,1.69,47.7,35.6,Safe
77.1,49.9,2.1,57.6,36.8,Warning
61.7,53.0,4.25,36.7,41.6,Watch
65.0,46.4,1.49,48.5,48.9,Watch
30.7,51.7,1.2,39.4,22.3,Watch
27.6,31.2,5.26,23.8,27.5,Safe
51.9,24.3,5.69,7.3,42.1,Safe
81.5,24.2,0.79,26.5,22.0,Safe
12.3,23.4,1.13,12.8,19.0,Safe
39.6,51.5,5.23,45.8,25.6,Watch
28.6,81.2,0.25,46.7,32.7,Safe
43.4,26.1,1.18,14.8,27.2,Safe
72.2,38.8,1.78,46.7,35.7,Safe
21.1,48.7,0.62,12.3,29.2,Safe
66.7,40.0,0.6,51.7,28.5,Safe
31.5,51.0,1.66,27.6,15.3,Safe
90.5,34.6,4.21,36.9,38.0,Watch
22.2,32.8,5.5,51.7,38.1,Watch
80.8,41.7,11.62,39.0,30.1,Warning
13.6,50.9,0.23,28.0,33.5,Safe
49.4,68.1,0.73,43.1,33.5,Watch
67.7,51.8,4.24,15.5,42.5,Safe
22.7,40.5,2.33,1.1,34.2,Safe
29.4,60.0,1.19,47.2,18.6,Safe
43.7,63.0,0.69,10.3,51.1,Safe
33.4,39.5,0.99,43.8,44.9,Safe
27.2,42.4,1.68,32.1,32.5,Safe
77.9,37.3,0.58,29.8,33.5,Safe
96.8,59.8,9.99,15.8,34.9,Watch
93.0,46.3,0.34,23.2,24.3,Watch
59.8,19.7,12.72,30.2,43.1,Warning
65.7,52.3,5.53,33.0,42.1,Warning
19.5,71.8,1.65,16.5,31.1,Safe
40.7,73.2,4.04,41.2,38.7,Watch
46.5,36.4,3.34,42.1,42.4,Watch
53.3,32.5,0.72,37.3,34.3,Safe
52.6,79.2,1.24,23.4,21.7,Watch
43.8,73.2,2.16,42.9,38.9,Watch
59.3,53.4,3.05,39.3,32.6,Watch
50.9,14.2,2.35,0.7,21.1,Safe
50.8,34.1,1.92,33.2,42.3,Safe
24.0,25.3,1.76,59.0,34.4,Safe
15.6,77.6,2.07,44.6,29.7,Watch
53.5,17.5,1.71,47.3,52.7,Safe
30.5,77.5,2.34,19.5,26.5,Safe
25.0,43.1,6.57,31.9,22.6,Safe
68.9,23.4,3.01,27.3,33.6,Watch
41.1,62.8,3.85,30.0,30.4,Safe
106.4,56.3,2.73,22.3,26.4,Watch
63.8,22.2,3.09,11.5,46.1,Safe
22.8,44.5,2.59,31.0,20.8,Safe
69.5,69.8,0.08,18.3,35.1,Safe
57.4,37.6,23.46,38.8,32.9,Danger
22.0,75.2,0.1,29.5,31.9,Watch
27.5,31.6,1.51,1.1,43.6,Safe
67.2,15.8,0.33,50.7,52.5,Watch
7.7,45.8,0.31,36.5,32.0,Safe
4.7,18.7,4.73,23.1,40.9,Safe
48.7,47.2,1.66,25.0,32.4,Safe
46.1,45.1,4.85,11.6,32.8,Watch
52.0,31.3,0.96,29.1,36.5,Safe
46.2,78.8,0.89,40.2,33.7,Watch
58.8,44.9,0.87,56.2,22.9,Watch
97.7,60.6,2.87,28.7,45.3,Warning
43.1,61.7,5.06,30.7,36.5,Watch
11.3,76.7,1.81,47.9,31.5,Watch
6.7,23.2,1.43,12.6,25.7,Safe
32.7,13.4,10.9,32.2,34.9,Safe
33.4,76.0,0.37,18.7,29.6,Safe
13.3,55.5,2.0,32.0,33.8,Safe
3.6,47.3,1.58,44.1,30.1,Safe
30.8,42.6,0.31,5.2,23.7,Safe
126.7,39.4,0.94,46.7,48.1,Warning
57.1,60.5,0.09,35.4,22.6,Safe
53.6,19.0,6.29,32.1,24.2,Safe
37.7,53.6,2.81,50.2,38.8,Watch
32.7,63.6,5.06,18.1,35.1,Safe
61.3,58.4,2.21,9.9,38.6,Watch
14.9,43.7,2.75,14.6,37.0,Safe
148.7,45.0,3.62,38.0,24.5,Danger
16.0,68.1,7.16,22.6,38.7,Watch
65.2,55.5,0.29,16.9,25.6,Safe
17.4,76.6,1.21,15.3,42.5,Safe
47.1,13.6,3.7,32.6,22.0,Safe
70.1,61.3,9.54,29.6,24.1,Warning
9.1,30.4,11.86,8.7,24.4,Safe
19.2,43.7,3.05,9.2,35.1,Watch
20.4,69.8,0.65,22.1,31.5,Safe
34.9,27.0,0.38,43.8,33.1,Safe
51.4,83.1,8.76,23.6,30.8,Warning
128.4,64.9,1.71,7.9,31.5,Warning
27.3,55.4,0.65,28.7,27.2,Safe
123.0,28.2,8.15,30.6,16.9,Warning
55.7,41.8,0.33,7.7,18.0,Safe
15.5,38.5,3.92,11.7,24.0,Safe
37.8,22.8,2.94,41.2,28.8,Safe
11.5,64.7,0.28,11.5,46.6,Safe
32.7,37.7,1.24,41.8,21.8,Safe
30.9,41.8,0.49,6.8,21.1,Safe
47.6,42.7,2.78,7.4,13.8,Safe
65.4,41.1,1.95,30.3,37.0,Watch
40.1,54.5,0.01,18.7,29.9,Safe
17.2,33.8,11.15,22.0,19.1,Safe
106.1,63.3,1.29,32.3,31.7,Danger
133.9,34.3,0.9,21.5,26.2,Watch
37.1,44.5,0.75,15.8,45.0,Safe
53.9,21.5,0.52,37.4,25.3,Safe
35.6,64.3,21.17,32.7,49.0,Danger
47.9,68.9,1.05,30.6,33.7,Safe
49.8,57.9,1.56,29.7,28.1,Watch
13.5,48.1,6.15,18.0,29.4,Safe
33.2,44.3,3.08,14.8,34.9,Watch
85.6,16.9,1.38,24.8,29.3,Safe
80.6,20.6,6.86,18.2,22.7,Watch
32.7,58.5,4.16,29.8,38.3,Safe
50.5,41.7,0.78,24.1,41.9,Safe
34.7,20.5,3.1,30.3,42.3,Safe
67.1,19.7,7.67,28.6,30.4,Safe
9.0,56.4,2.06,56.5,42.9,Safe
61.4,60.7,3.97,9.2,35.2,Watch
110.8,17.4,10.63,27.2,29.1,Warning
23.8,47.7,3.52,13.4,26.4,Safe
100.9,52.0,0.32,22.8,41.2,Warning
52.4,34.5,0.84,17.7,15.2,Safe
40.0,67.3,2.71,39.6,45.9,Safe
32.5,38.8,0.97,7.9,33.3,Safe
103.3,14.1,9.48,41.7,26.0,Watch
34.8,41.5,1.56,37.9,24.9,Safe
121.9,69.6,1.83,60.8,27.6,Danger
112.8,38.8,3.63,57.0,39.1,Danger
28.9,26.2,2.23,18.0,35.1,Safe
36.9,56.3,1.44,48.6,27.4,Safe
6.3,49.7,0.24,25.1,26.6,Safe
41.0,44.9,2.72,34.6,35.1,Safe
45.0,53.6,6.07,55.8,59.4,Warning
91.8,32.5,3.47,18.6,59.3,Watch
116.8,34.2,1.44,30.8,42.5,Danger
71.6,58.1,0.41,0.8,24.3,Safe
86.8,27.6,5.08,43.3,39.5,Danger
36.8,74.1,8.53,61.5,24.6,Danger
14.4,67.1,1.47,38.6,29.7,Watch
52.3,24.4,3.91,50.5,45.7,Safe
90.8,71.6,1.59,47.1,29.6,Watch
1.8,47.7,2.09,19.4,29.2,Safe
46.7,69.9,5.43,34.9,26.9,Watch
7.4,47.4,0.26,37.4,23.8,Safe
22.2,41.8,2.27,12.5,29.4,Safe
48.1,39.9,0.72,51.7,39.4,Watch
118.1,5.0,1.25,22.4,38.8,Watch
43.2,61.7,3.1,26.7,34.9,Watch
68.3,32.3,0.08,26.0,43.8,Safe
51.9,62.3,2.7,30.6,14.8,Watch
23.4,75.1,1.0,73.9,32.5,Warning
59.5,34.6,3.32,20.9,24.9,Safe
14.0,33.5,0.46,6.8,51.8,Safe
42.7,63.1,3.99,32.5,29.4,Watch
102.0,36.6,3.11,17.1,39.4,Watch
49.1,68.7,10.65,23.9,42.0,Warning
52.0,32.6,7.27,39.3,28.3,Watch
32.7,70.9,1.0,13.7,41.3,Safe
9.8,39.5,0.08,24.5,42.4,Safe
35.7,50.9,3.2,34.4,39.9,Safe
77.8,62.7,2.77,18.3,26.8,Watch
56.8,54.2,0.08,29.4,17.7,Safe
14.8,64.3,0.39,34.4,53.4,Safe
6.9,18.8,2.64,28.3,29.1,Safe
23.1,37.7,7.29,32.4,42.0,Watch
36.0,46.1,7.11,35.4,27.4,Watch
38.1,31.2,0.49,19.9,53.0,Safe
38.5,62.5,1.46,8.0,27.0,Safe
42.9,35.8,0.13,14.5,33.0,Safe
58.2,31.3,1.9,12.0,55.2,Safe
30.9,61.9,4.2,48.5,16.0,Safe
18.9,26.2,4.68,4.0,44.1,Safe
63.1,27.1,2.07,39.4,31.7,Safe
79.1,54.1,0.3,19.7,39.1,Watch
27.0,69.2,1.44,45.5,28.5,Warning
149.4,47.9,8.07,23.7,48.4,Danger
113.9,15.9,0.78,30.5,23.9,Watch
15.9,57.3,1.16,37.8,32.4,Safe
7.5,34.3,4.12,48.8,41.4,Safe
37.3,65.2,3.97,21.4,23.8,Warning
52.2,38.2,7.3,20.8,33.3,Safe
147.9,65.6,1.47,37.7,21.7,Danger
144.7,37.5,2.17,6.2,28.0,Warning
68.5,32.6,1.89,4.2,58.2,Watch
31.4,10.5,7.88,35.5,45.4,Safe
94.5,33.1,4.4,40.0,38.7,Warning
46.9,48.2,5.34,35.0,35.7,Safe
12.8,46.8,0.43,28.5,16.3,Safe
13.2,56.0,4.71,21.9,30.1,Safe
31.6,67.4,1.7,53.8,41.2,Watch
84.1,45.5,0.07,55.8,27.6,Watch
17.2,46.2,0.19,31.6,35.6,Safe
31.5,65.0,3.4,19.7,22.0,Safe
113.3,49.2,1.4,14.9,21.1,Watch
56.8,28.4,6.08,36.5,54.8,Watch
61.6,35.6,3.98,11.6,53.3,Watch
86.2,6.7,0.07,11.9,31.1,Safe
32.1,28.1,3.48,22.7,24.2,Safe
118.4,14.6,0.64,37.6,22.6,Watch
69.9,51.3,1.65,52.0,36.0,Warning
39.0,66.8,2.94,33.8,51.3,Watch
103.8,28.1,6.18,37.4,25.0,Watch
67.8,28.7,1.83,44.7,34.0,Safe
42.1,62.0,4.96,43.3,33.5,Warning
62.9,36.9,4.58,21.7,48.7,Warning
20.5,49.6,1.61,43.1,34.8,Safe
94.8,58.4,2.09,45.5,18.0,Watch
146.3,32.3,3.62,34.7,39.5,Watch
9.3,32.6,0.09,32.0,33.7,Safe
26.8,35.9,6.64,39.0,23.3,Safe
24.9,17.0,4.41,37.4,42.6,Safe
73.0,53.8,0.86,2.1,28.9,Watch
50.2,55.8,11.92,36.4,35.3,Danger
30.3,46.4,0.59,47.7,33.4,Safe
34.2,69.5,7.36,44.8,29.0,Watch
28.0,40.3,1.18,35.7,23.9,Safe
66.7,56.1,4.32,32.2,37.6,Watch
49.6,53.7,1.83,24.0,19.8,Safe
32.9,30.6,4.0,28.3,41.3,Safe
28.4,65.8,0.51,40.9,23.5,Warning
105.0,47.3,0.94,35.8,20.4,Safe
93.1,62.5,0.32,43.6,46.0,Warning
67.3,21.6,6.01,22.2,32.9,Safe
86.5,47.0,1.05,46.3,13.0,Watch
12.9,36.7,3.56,20.7,31.9,Safe
17.0,29.7,5.15,33.0,38.1,Safe
15.3,70.4,6.95,21.6,38.4,Safe
43.1,48.5,0.34,28.5,24.3,Safe
88.5,18.4,6.71,60.5,25.7,Watch
30.6,36.0,0.66,37.6,33.6,Safe
96.9,61.9,4.01,33.4,42.4,Danger
26.7,29.6,3.92,51.2,18.8,Safe
38.7,27.8,0.03,0.0,19.4,Safe
30.3,42.4,0.75,27.6,45.7,Safe
36.4,53.4,2.03,22.5,44.2,Warning
39.6,31.9,1.63,17.1,22.6,Safe
7.3,52.0,7.52,7.1,28.1,Safe
55.6,45.6,1.34,26.7,53.1,Watch
38.9,47.8,8.29,40.4,40.8,Watch
118.2,5.0,1.85,27.8,31.5,Watch
65.0,45.3,10.0,42.0,43.4,Warning
53.9,40.5,4.01,31.1,27.2,Safe
113.6,52.0,5.3,47.5,33.6,Danger
106.0,33.2,0.33,22.5,28.9,Watch
121.8,38.3,2.65,1.9,39.1,Watch
28.1,54.6,0.46,6.3,39.0,Safe
14.9,71.0,1.06,22.5,34.2,Safe
7.3,21.2,2.93,16.8,37.0,Safe
85.7,54.2,3.89,21.1,43.4,Watch
6.0,67.0,0.12,47.1,36.7,Safe
50.2,57.5,2.27,7.5,34.3,Watch
10.2,65.7,2.5,52.6,36.3,Watch
94.4,35.2,0.25,17.9,44.1,Watch
61.3,67.3,2.08,11.3,22.8,Safe
94.0,32.0,3.75,27.9,36.2,Safe
51.0,46.0,0.16,52.5,13.1,Safe
18.8,36.0,4.28,19.3,29.2,Safe
29.7,36.7,2.58,21.0,50.9,Safe
79.9,14.0,5.37,22.0,24.1,Safe
9.2,9.5,0.74,47.3,15.7,Safe
27.7,66.2,5.37,23.3,22.5,Watch
24.5,12.6,0.3,36.7,39.1,Safe
40.0,49.5,1.55,31.8,30.7,Watch
66.5,21.6,0.67,28.4,21.9,Safe
92.4,29.7,6.26,22.5,44.1,Watch
12.0,57.3,3.66,59.5,36.3,Safe
20.0,47.9,0.08,71.9,20.4,Safe
13.5,42.7,0.03,16.7,29.8,Safe
41.2,65.6,1.03,13.9,53.3,Watch
15.2,39.8,0.46,30.6,28.9,Safe
55.3,67.1,2.99,0.0,15.1,Watch
101.0,25.8,3.27,30.7,36.7,Watch
7.6,23.6,8.54,60.1,35.8,Watch
20.7,42.5,9.11,21.0,45.3,Safe
122.6,45.1,3.23,46.2,28.1,Warning
49.1,29.5,0.02,52.0,36.4,Safe
28.1,40.0,1.33,17.1,34.5,Safe
210.1,69.6,2.16,32.7,31.9,Danger
34.1,37.9,2.07,35.3,35.2,Watch
64.7,10.1,2.77,40.9,38.0,Watch
21.5,13.6,9.7,42.0,37.5,Safe
18.2,82.6,6.49,46.8,41.2,Danger
67.4,71.1,0.35,18.3,9.2,Watch
130.1,37.2,0.93,32.6,17.0,Watch
29.2,59.6,5.37,52.2,34.1,Watch
17.0,49.7,5.22,53.9,33.2,Watch
84.7,67.9,0.97,33.4,21.8,Watch
29.4,25.7,3.93,22.0,28.7,Safe
55.9,26.2,3.34,45.5,23.7,Watch
28.4,68.7,1.92,38.0,37.9,Safe
32.5,18.1,0.67,37.7,23.1,Safe
19.9,46.3,6.59,41.6,34.1,Safe
68.7,44.2,3.4,15.7,42.3,Safe
57.1,59.1,0.56,42.7,23.3,Safe
55.6,47.5,3.66,32.3,18.6,Safe
23.5,42.6,4.06,47.1,24.4,Safe
53.5,38.2,6.54,30.3,23.3,Safe
141.8,27.1,0.76,38.8,32.4,Watch
17.1,42.0,13.46,36.9,15.0,Warning
21.6,66.0,0.5,21.8,48.1,Safe
22.7,39.9,2.75,16.5,19.4,Safe
46.0,70.3,3.21,42.1,18.5,Watch
15.9,58.2,1.63,17.1,32.6,Safe
61.4,53.6,1.93,25.0,30.8,Watch
6.7,42.1,6.65,24.5,45.7,Safe
74.6,33.7,3.11,35.5,29.3,Safe
54.9,75.3,2.06,40.1,29.1,Watch
139.7,59.3,0.41,6.7,38.5,Watch
17.9,42.5,0.02,19.1,41.5,Safe
87.0,75.6,0.4,18.4,12.6,Watch
38.9,56.3,9.38,26.6,32.7,Warning
33.1,19.4,4.33,0.1,53.6,Safe
17.1,37.3,10.24,47.0,25.8,Safe
28.8,58.1,0.11,30.9,33.5,Safe
29.9,72.1,3.42,28.0,42.2,Watch
10.3,87.5,0.14,41.3,36.9,Watch
54.5,45.5,4.57,37.8,21.5,Safe
49.4,56.1,1.44,37.6,31.3,Safe
64.5,34.0,0.3,29.8,19.6,Watch
25.7,29.0,2.52,31.6,21.3,Safe
76.6,14.7,0.99,42.7,43.1,Watch
104.6,52.0,3.23,38.0,40.6,Watch
35.2,67.8,3.22,55.9,49.9,Danger
18.2,59.0,3.66,32.1,41.2,Safe
44.2,46.6,14.66,39.8,30.6,Danger
42.7,67.0,1.47,28.2,21.9,Watch
36.7,98.1,1.88,34.9,46.0,Warning
64.6,30.0,4.9,35.6,38.3,Watch
31.8,5.0,2.59,23.3,40.0,Safe
16.9,51.2,0.11,20.3,37.7,Safe
47.3,64.5,5.56,39.6,43.9,Watch
66.8,17.1,0.16,36.8,16.8,Safe
70.8,60.0,0.56,52.0,19.9,Watch
30.2,38.9,0.32,30.1,23.3,Safe
52.5,51.1,0.24,15.1,35.6,Safe
106.0,28.5,0.08,30.2,27.4,Watch
88.8,27.4,0.17,41.5,43.3,Safe
9.6,25.1,1.75,0.0,31.8,Safe
32.1,57.0,0.87,29.9,55.2,Safe
101.3,33.8,0.41,40.0,49.1,Watch
9.5,49.9,3.23,33.5,33.4,Safe
40.1,45.5,0.77,24.6,18.4,Safe
25.4,23.8,0.06,12.0,38.9,Safe
53.3,46.4,1.63,29.8,20.9,Watch
4.2,49.3,1.12,11.6,22.3,Safe
94.8,64.1,1.15,40.1,28.1,Danger
41.6,71.9,1.77,30.9,27.9,Watch
15.8,26.6,3.32,52.4,37.5,Safe
22.4,51.4,2.88,0.7,35.3,Safe
54.7,5.1,8.31,24.9,21.9,Safe
20.9,60.3,2.19,41.0,29.0,Safe
127.3,64.8,1.92,47.1,18.4,Danger
37.9,5.0,0.72,41.6,36.0,Safe
112.1,38.9,4.22,15.7,13.4,Watch
47.4,28.9,0.46,22.8,29.7,Safe
68.7,38.8,2.03,0.0,25.5,Safe
65.8,35.3,1.64,30.7,37.5,Safe
28.1,44.2,3.22,47.4,23.9,Safe
69.3,62.8,7.49,30.1,23.5,Danger
30.2,39.4,8.79,38.7,36.0,Watch
8.6,27.2,0.55,38.3,36.5,Safe
35.3,41.4,0.91,25.2,21.5,Safe
13.7,40.4,5.01,0.0,37.9,Watch
29.4,43.4,2.19,50.1,56.6,Safe
40.5,33.7,1.81,36.5,27.3,Safe
18.7,51.5,3.72,11.2,19.7,Safe
62.4,68.3,2.76,35.6,32.6,Warning
29.9,22.2,10.59,33.0,18.2,Safe
13.3,53.1,2.63,49.7,29.4,Safe
19.0,62.3,1.88,37.1,26.9,Safe
45.2,37.2,2.35,37.1,38.9,Watch
34.1,67.5,4.96,33.0,14.4,Safe
51.8,43.9,2.85,18.5,16.2,Watch
45.5,24.7,3.12,40.1,35.8,Safe
17.4,22.1,10.67,29.6,37.4,Safe
24.9,59.1,2.89,15.7,10.5,Safe
76.2,57.5,1.44,20.1,47.2,Watch
20.2,73.2,3.53,13.0,40.8,Watch
113.9,57.1,3.23,45.9,25.3,Danger
10.6,43.2,0.04,59.7,33.0,Safe
74.5,53.7,1.89,47.3,12.3,Watch
38.4,46.3,4.07,35.6,39.0,Watch
17.5,39.0,2.07,29.0,23.5,Safe
44.3,35.1,4.54,25.6,28.4,Safe
20.8,14.0,1.8,15.2,30.9,Safe
26.3,31.6,12.28,59.2,44.1,Warning
30.5,44.6,1.04,14.5,36.7,Safe
70.4,5.0,0.29,17.3,28.4,Safe
24.6,35.7,1.69,27.1,26.1,Safe
49.5,61.6,2.34,28.3,34.3,Watch
72.3,69.2,1.29,39.0,31.1,Danger
43.4,35.5,0.83,19.9,29.6,Safe
55.2,34.8,3.34,0.2,32.1,Safe
40.4,32.0,1.42,26.5,29.3,Safe
61.5,34.9,2.99,27.5,16.3,Safe
12.9,65.6,4.53,26.3,31.4,Safe
107.2,74.3,4.29,26.1,31.8,Warning
23.2,14.6,1.41,24.7,33.3,Safe
38.7,30.4,2.52,10.1,22.0,Safe
5.9,11.5,1.79,51.9,24.0,Safe
27.3,44.5,6.14,51.1,48.4,Safe
51.1,36.2,6.33,50.9,24.6,Safe
117.0,51.5,1.26,12.2,37.1,Danger
63.5,56.9,0.29,36.1,24.0,Watch
29.1,54.9,0.55,23.7,13.1,Safe
9.7,15.4,1.37,22.8,31.0,Safe
99.0,44.5,2.49,16.1,38.1,Watch
28.0,14.5,3.21,68.5,28.7,Safe
51.0,76.3,1.21,26.3,12.0,Watch
29.2,38.6,3.3,16.2,9.7,Safe
55.7,20.4,8.33,32.1,43.5,Safe
96.0,35.2,3.17,41.4,31.9,Safe
69.8,48.7,0.52,27.9,38.1,Watch
33.6,58.2,2.6,33.7,34.3,Watch
100.6,68.4,2.34,45.0,20.5,Danger
134.3,46.1,6.14,15.7,29.4,Warning
82.5,39.0,1.29,32.7,15.0,Safe
29.9,57.3,1.65,20.4,41.5,Safe
74.6,56.8,2.74,18.4,35.2,Warning
81.9,47.1,2.23,56.3,39.4,Watch
34.1,59.6,3.81,28.7,44.9,Watch
134.3,34.0,0.12,14.1,28.4,Safe
93.1,44.6,2.49,28.3,24.6,Safe
35.5,8.4,0.39,11.9,30.9,Safe
29.9,70.0,1.14,26.7,44.7,Warning
80.7,36.1,3.25,19.8,16.3,Safe
158.4,70.1,0.51,37.7,32.2,Danger
13.9,33.2,1.11,59.1,40.0,Safe
57.6,50.4,3.64,27.4,35.1,Safe
73.6,46.0,3.16,20.4,42.7,Warning
95.4,34.2,0.29,31.4,16.6,Watch
74.1,53.6,2.58,52.4,42.9,Warning
28.3,68.0,0.48,37.7,25.8,Safe
12.4,77.2,0.87,27.9,11.0,Watch
32.7,58.4,1.84,0.0,28.7,Safe
72.4,23.2,0.35,29.2,23.6,Safe
25.9,19.7,15.18,41.6,30.4,Watch
105.7,65.5,0.54,44.4,16.8,Watch
37.7,27.0,4.56,49.7,30.8,Watch
24.5,56.1,5.31,19.9,26.3,Safe
62.3,47.4,15.59,24.0,51.9,Danger
34.8,68.7,1.68,28.2,33.7,Watch
29.3,54.2,6.22,40.6,34.3,Safe
145.9,44.4,9.48,26.1,29.7,Danger
25.7,82.1,0.57,37.9,44.5,Watch
31.7,59.8,1.96,24.2,36.9,Watch
63.0,55.0,0.19,19.4,47.1,Watch
104.6,32.7,2.91,46.6,42.5,Watch
58.8,24.4,2.61,34.7,28.1,Safe
45.1,40.3,0.68,41.2,39.3,Watch
157.2,18.0,4.8,26.9,40.1,Watch
30.5,39.2,0.11,42.1,41.4,Watch
30.7,59.4,4.92,14.1,36.0,Safe
26.1,62.7,0.08,16.4,18.6,Safe
56.2,38.8,3.21,44.1,31.7,Safe
19.9,97.8,0.25,28.9,33.1,Watch
15.6,67.9,0.87,26.3,32.7,Safe
31.7,44.5,3.84,16.2,43.5,Watch
9.2,65.5,0.99,42.1,25.6,Safe
51.0,34.6,2.15,58.0,33.4,Safe
56.3,49.6,7.4,39.1,31.3,Warning
63.4,38.5,0.15,23.3,38.8,Watch
76.8,23.2,5.0,50.8,50.1,Warning
32.4,54.6,0.2,35.4,38.2,Safe
96.6,44.9,0.41,23.5,37.6,Watch
90.2,46.2,0.38,49.1,21.8,Watch
17.5,44.5,15.4,27.3,16.6,Warning
40.5,28.8,0.6,8.4,34.6,Safe
3.4,73.6,6.81,25.2,30.1,Watch
97.5,49.5,14.11,38.0,36.6,Warning
75.9,40.2,1.45,19.2,25.9,Watch
112.8,21.4,2.99,1.9,46.0,Watch
10.5,70.3,4.53,52.0,20.0,Watch
59.9,61.5,1.5,74.9,30.0,Watch
27.5,45.0,0.53,22.9,28.1,Safe
5.7,21.9,1.71,20.6,43.0,Safe
83.8,74.9,4.43,9.8,29.7,Warning
14.1,38.4,4.55,17.7,26.2,Safe
54.5,32.9,0.79,7.1,32.8,Safe
27.3,44.1,0.58,10.4,24.1,Safe
47.8,51.8,7.6,30.0,31.8,Warning
77.6,42.0,0.13,6.3,30.7,Safe
47.9,5.0,3.98,8.0,60.9,Safe
19.6,49.5,0.14,33.1,27.4,Safe
148.3,61.6,5.46,20.7,31.1,Danger
32.8,29.0,7.07,35.4,34.2,Safe
23.1,73.1,1.06,24.9,34.7,Watch
39.5,60.7,0.23,27.2,42.4,Safe
10.8,53.4,1.97,41.7,51.2,Watch
24.9,26.7,1.06,21.8,24.0,Safe
34.4,50.0,1.62,40.6,36.4,Safe
50.8,51.4,3.28,23.7,30.4,Watch
43.8,43.5,0.71,17.7,35.3,Safe
60.1,61.0,1.32,13.9,43.1,Watch
40.7,38.5,4.58,5.1,48.3,Safe
89.5,40.1,3.1,11.4,40.7,Watch
67.6,33.0,1.18,3.4,35.2,Safe
56.8,36.9,3.27,15.1,42.3,Safe
99.6,42.3,4.35,42.3,23.6,Warning
99.6,41.7,2.69,29.9,24.7,Watch
46.2,40.8,0.82,24.2,33.7,Safe
31.5,61.6,0.0,19.6,43.6,Watch
49.4,72.0,4.87,28.8,29.0,Warning
38.1,21.9,5.19,30.5,30.1,Safe
30.5,71.6,3.59,13.3,12.2,Safe
48.0,57.1,0.24,37.0,55.9,Watch
55.5,28.9,2.64,25.1,29.7,Safe
65.3,39.1,5.16,34.5,5.0,Watch
110.3,50.1,1.48,29.5,33.7,Warning
51.5,15.2,0.66,8.7,36.7,Safe
41.4,43.4,2.66,49.5,29.7,Safe
82.4,54.5,5.25,29.8,22.9,Watch
21.3,31.6,0.15,24.5,41.0,Safe
9.3,18.4,2.73,38.7,39.8,Safe
59.4,48.6,3.09,12.6,37.3,Safe
32.7,84.7,2.77,6.4,24.4,Safe
34.7,32.2,3.15,38.3,25.9,Safe
20.9,32.6,2.99,47.2,28.5,Safe
93.8,41.4,0.42,34.3,27.9,Watch
9.7,73.3,0.8,42.1,38.3,Safe
63.6,15.3,2.89,11.0,28.1,Safe
41.9,58.9,0.05,24.6,22.5,Safe
114.9,36.5,3.02,20.1,36.2,Watch
82.6,38.1,3.28,45.4,55.8,Warning
16.2,26.8,0.82,37.4,24.1,Safe
67.6,40.5,2.73,45.5,24.9,Watch
58.1,27.3,2.29,20.7,30.8,Safe
39.6,35.2,0.91,13.0,39.6,Watch
64.0,5.0,1.87,49.9,37.7,Safe
24.8,13.8,7.21,30.4,30.8,Safe
45.1,51.1,1.67,46.0,27.6,Safe
42.4,67.7,2.98,29.0,53.0,Safe
21.8,100.0,0.11,63.1,43.4,Warning
32.7,61.6,0.24,47.7,49.4,Watch
28.5,35.7,0.25,27.6,39.0,Safe
55.5,9.3,4.52,30.3,31.1,Safe
97.5,54.7,1.29,30.4,36.0,Warning
13.0,18.9,0.77,13.0,50.1,Safe
56.7,30.5,4.13,22.8,37.1,Watch
27.6,60.9,0.56,21.6,14.8,Safe
79.1,50.3,0.85,33.5,46.0,Warning
56.2,28.3,1.69,17.8,47.0,Safe
10.1,14.3,1.21,27.7,44.4,Safe
48.0,48.8,2.64,24.5,18.6,Watch
38.0,51.0,1.24,31.1,35.9,Safe
14.4,72.1,1.5,52.0,42.3,Safe
27.9,5.0,5.96,46.4,32.2,Safe
46.5,47.1,6.48,10.3,35.8,Safe
28.6,61.5,5.28,29.2,37.6,Safe
85.4,37.4,6.0,25.5,23.7,Watch
37.7,16.3,2.53,20.3,36.7,Safe
26.3,28.4,3.12,62.3,22.1,Safe
48.4,45.7,2.44,22.1,31.0,Safe
53.1,36.2,4.62,23.1,26.2,Safe
79.6,50.5,2.4,56.3,40.8,Watch
43.8,68.0,0.35,44.5,38.7,Watch
51.5,37.8,4.98,23.4,37.7,Watch
66.5,67.0,4.29,41.4,34.8,Watch
21.8,42.9,5.15,26.4,36.4,Safe
76.3,51.1,0.63,27.4,52.1,Watch
14.8,42.9,0.95,17.9,45.2,Safe
46.1,51.6,1.05,0.0,22.4,Safe
46.7,54.7,2.13,8.6,26.7,Safe
45.8,56.6,0.43,13.4,29.9,Safe
13.6,45.1,1.46,36.3,29.6,Safe
2.0,5.0,0.6,32.3,23.7,Safe
33.6,55.7,0.92,46.3,37.9,Watch
54.3,9.5,3.68,11.9,31.4,Safe
106.8,34.1,5.79,56.8,34.2,Warning
54.8,5.0,0.07,55.4,14.9,Safe
14.5,75.6,2.5,30.5,16.3,Watch
35.1,52.5,0.11,19.7,26.6,Safe
36.8,39.1,0.27,20.5,38.1,Safe
96.8,70.5,3.66,33.0,36.8,Warning
55.9,54.6,3.99,58.2,42.1,Warning
16.8,47.2,5.05,28.6,25.0,Watch
26.7,52.1,1.93,6.3,38.9,Safe
71.1,38.1,5.89,58.4,47.3,Watch
48.8,22.7,0.55,24.0,41.3,Safe
41.8,62.3,0.86,51.8,19.1,Watch
35.0,43.7,0.43,39.4,43.1,Watch
70.0,13.3,4.79,27.8,35.3,Watch
30.8,54.1,0.78,44.5,36.5,Watch
25.8,45.7,0.51,19.0,57.0,Watch
78.5,75.6,2.93,25.6,34.5,Warning
1.9,49.8,0.24,22.0,38.3,Safe
16.3,23.7,0.14,27.0,32.9,Safe
22.4,12.8,0.34,38.2,29.6,Safe
82.1,67.8,0.0,38.1,35.6,Warning
46.9,43.9,3.58,6.7,27.6,Safe
15.3,29.4,2.48,22.0,33.5,Safe
14.2,32.0,0.71,24.6,29.0,Safe
83.7,68.4,0.8,38.8,11.2,Watch
14.2,53.5,5.0,9.0,27.1,Safe
24.9,64.7,2.09,40.6,41.6,Watch
30.0,49.4,3.6,13.1,37.2,Safe
60.1,29.9,1.81,33.7,29.7,Safe
27.9,77.2,0.81,46.7,33.0,Watch
12.1,38.0,10.56,11.6,23.9,Safe
63.8,59.5,2.5,33.6,25.0,Watch
62.9,64.5,0.42,27.2,32.1,Watch
114.8,45.1,1.56,15.3,29.8,Warning
50.1,25.0,1.2,11.6,24.5,Safe
13.7,32.8,0.72,19.4,31.3,Safe
111.2,57.2,8.13,17.8,20.9,Warning
30.0,54.6,6.38,26.9,47.7,Safe
74.2,68.4,0.67,23.6,41.0,Safe
108.7,65.5,1.3,36.4,10.3,Watch
44.3,27.8,4.31,42.1,40.4,Safe
40.4,71.0,0.7,7.1,28.3,Safe
50.3,26.5,2.69,26.2,26.5,Safe
57.2,55.7,3.61,15.8,39.5,Safe
82.7,88.6,3.18,13.7,30.6,Warning
36.2,50.6,3.68,6.5,28.1,Safe
42.8,13.0,3.68,5.4,18.7,Safe
27.2,39.1,10.04,22.2,41.2,Watch
27.1,84.1,1.28,35.9,42.4,Watch
19.9,41.3,6.33,35.8,33.6,Watch
28.7,68.9,0.07,14.2,20.3,Safe
17.8,27.8,1.02,12.7,35.0,Safe
76.3,38.6,0.15,33.6,38.4,Safe
65.4,41.1,3.16,23.5,31.7,Watch
38.4,80.1,0.32,43.3,40.8,Watch
49.3,39.5,5.61,13.3,33.7,Watch
19.9,11.1,3.12,2.1,35.0,Safe
40.3,87.9,0.09,39.2,46.8,Watch
90.3,49.1,3.76,1.6,27.1,Safe
88.2,56.8,5.94,8.3,16.3,Watch
116.3,16.1,3.25,20.0,30.3,Safe
76.1,49.6,0.09,25.7,26.4,Watch
52.5,45.3,5.85,39.0,17.8,Warning
73.4,27.6,3.96,14.8,38.2,Safe
14.7,57.0,1.43,49.8,32.0,Safe
69.7,14.3,1.2,7.3,13.8,Safe
77.9,27.5,1.96,24.4,47.5,Safe
39.8,66.8,6.05,42.5,24.7,Warning
43.2,31.9,0.87,43.2,25.8,Safe
33.7,36.1,0.32,0.0,41.4,Safe
38.9,46.6,6.0,70.6,36.3,Watch
47.2,38.3,0.08,25.2,42.9,Safe
50.8,57.4,7.26,34.2,10.2,Watch
20.2,48.2,1.09,25.0,29.1,Safe
23.5,17.9,2.13,62.0,33.3,Safe
65.4,31.8,0.43,49.3,45.0,Safe
54.3,29.8,6.98,61.6,23.6,Warning
21.7,36.7,4.16,37.1,28.6,Safe
37.5,47.0,7.74,43.7,33.4,Watch
127.3,50.5,3.45,14.3,39.6,Danger
4.3,5.0,0.61,26.0,20.9,Safe
1.9,63.5,1.11,43.7,40.1,Safe
4.4,43.4,2.0,34.8,26.1,Safe
160.3,24.8,2.8,31.6,35.8,Warning
16.4,62.1,7.83,18.4,30.1,Safe
32.2,7.1,1.45,47.5,34.7,Safe
61.7,16.6,3.64,47.3,34.1,Safe
58.8,83.3,9.73,45.6,44.8,Danger
34.0,47.6,0.5,34.4,29.6,Safe
103.8,31.7,5.96,30.2,29.0,Watch
71.5,47.0,1.64,46.9,42.7,Watch
24.4,41.7,3.96,44.1,46.0,Safe
17.2,45.6,1.04,16.6,28.0,Safe
46.6,53.8,1.22,34.7,38.9,Safe
73.8,41.4,0.08,39.9,23.5,Safe
129.2,51.4,10.66,19.9,39.0,Danger
52.4,42.2,5.04,43.6,41.2,Watch
31.1,30.2,0.3,40.8,29.2,Safe
97.7,25.1,22.86,23.8,43.1,Danger
88.9,68.7,2.79,9.6,29.4,Warning
70.9,56.7,5.77,38.8,32.2,Watch
14.1,63.7,0.21,59.5,35.9,Watch
32.4,45.1,1.48,33.8,22.4,Safe
35.8,49.1,3.32,39.6,18.4,Safe
71.0,41.8,0.34,12.5,34.8,Safe
6.4,65.8,2.01,29.3,24.6,Safe
30.4,38.8,1.75,28.3,19.8,Safe
42.2,27.3,0.73,16.7,39.7,Safe
34.8,54.4,1.07,36.6,47.2,Watch
120.3,42.3,10.24,36.0,40.6,Danger
83.2,49.5,1.02,25.6,20.2,Safe
83.1,57.8,0.72,29.8,33.8,Watch
28.6,34.6,2.3,60.8,28.9,Safe
47.5,41.1,3.33,20.7,23.5,Watch
19.8,39.4,3.87,13.0,32.9,Safe
20.3,68.2,4.21,12.7,31.3,Warning
83.7,45.3,0.11,33.7,29.7,Watch
74.4,47.8,1.5,0.0,41.9,Watch
18.5,24.2,4.46,22.3,45.0,Safe
45.3,58.2,7.06,15.5,28.8,Safe
9.9,52.7,2.77,29.1,30.2,Watch
61.0,30.0,0.16,29.2,29.5,Safe
18.1,79.6,1.52,35.2,37.1,Safe
45.3,51.1,0.23,39.2,35.3,Watch
126.6,33.8,4.14,47.1,24.9,Warning
16.1,44.9,0.2,24.7,30.7,Safe
53.9,38.4,0.62,20.0,17.0,Safe
40.5,72.8,1.62,42.8,16.3,Watch
14.8,61.8,1.86,5.1,20.2,Safe
22.9,53.2,1.57,41.4,29.5,Safe
57.2,75.9,1.87,32.1,38.1,Watch
35.4,26.3,3.75,36.7,24.2,Safe
105.9,59.0,1.38,35.5,30.7,Safe
59.2,54.9,2.38,32.0,34.2,Watch
17.2,40.9,1.08,32.7,47.4,Watch
76.4,40.9,1.31,13.3,32.6,Watch
82.9,61.6,2.85,20.2,33.0,Safe
51.2,60.3,2.02,56.7,25.9,Warning
62.7,19.4,3.85,40.1,50.4,Safe
50.7,77.7,2.47,45.9,39.6,Warning
95.5,65.6,4.88,24.8,20.9,Danger
88.0,39.9,1.76,31.2,47.0,Watch
9.9,30.8,2.03,37.9,39.2,Safe
8.8,65.0,3.33,48.1,34.3,Safe
35.9,53.9,0.75,27.7,38.6,Safe
73.2,57.9,1.46,37.2,43.4,Watch
93.2,55.3,2.94,40.7,24.5,Warning
31.5,66.9,0.09,44.0,28.1,Safe
35.2,60.4,1.72,27.0,31.6,Safe
33.0,35.4,2.74,49.2,19.6,Safe
39.2,34.3,10.27,8.7,39.3,Safe
47.0,51.4,6.29,13.1,29.2,Watch
28.8,86.2,0.99,37.2,28.1,Safe
32.9,42.3,2.12,36.8,25.6,Safe
55.3,51.5,0.17,26.5,31.7,Safe
13.2,61.1,0.83,23.4,33.6,Safe
134.7,37.5,4.47,23.6,42.0,Watch
71.8,59.4,0.39,16.5,42.2,Watch
102.8,45.3,0.89,29.3,20.7,Watch
19.2,67.5,8.65,6.7,36.6,Warning
25.5,28.0,5.21,47.0,44.3,Safe
3.0,86.6,4.57,35.7,29.8,Safe
43.2,39.4,6.0,49.4,30.3,Watch
44.2,54.4,4.15,32.4,28.0,Safe
51.3,45.1,0.39,29.4,37.4,Safe
8.1,25.6,2.18,31.9,34.9,Safe
40.7,60.0,1.76,19.5,41.8,Safe
53.4,40.2,1.12,11.3,30.9,Safe
59.5,54.5,5.39,15.2,44.6,Warning
26.4,30.5,1.87,23.6,38.0,Safe
148.0,40.3,0.19,16.7,43.8,Warning
34.9,39.7,0.96,50.2,26.0,Watch
46.6,54.9,0.78,19.4,47.7,Watch
31.8,50.5,6.55,35.9,26.4,Safe
26.7,41.8,3.13,38.8,26.9,Safe
66.7,38.3,2.47,48.6,28.1,Safe
8.6,50.7,2.12,40.2,27.0,Watch
69.6,48.6,3.15,27.4,50.9,Watch
45.8,47.3,4.22,55.6,37.2,Safe
36.4,80.4,2.42,11.3,37.0,Safe
14.0,54.9,8.36,15.9,13.1,Safe
43.0,79.6,11.3,33.3,44.9,Warning
66.2,43.7,16.11,31.3,21.6,Warning
47.3,44.1,3.32,42.3,31.6,Watch
39.7,35.9,8.09,32.4,25.0,Watch
34.4,50.4,1.55,35.5,34.4,Watch
29.2,39.1,5.89,44.9,47.3,Warning
15.1,36.6,7.2,32.1,22.4,Watch
65.3,10.8,7.03,40.2,24.8,Watch
49.7,71.4,5.33,18.7,33.4,Safe
68.2,38.1,1.57,19.7,47.7,Watch
28.8,71.5,0.52,43.2,27.8,Safe
36.5,43.3,1.22,31.8,24.8,Safe
14.3,56.6,4.37,32.5,33.6,Safe
9.1,46.3,0.8,19.6,32.1,Safe
44.8,52.5,1.95,23.9,21.8,Safe
4.3,26.8,2.5,34.3,27.9,Safe
53.7,66.3,2.78,25.5,12.3,Safe
25.6,38.4,8.23,17.1,31.7,Safe
165.3,61.7,3.25,17.2,19.5,Warning
42.5,18.7,4.63,20.4,56.7,Safe
63.1,31.4,2.62,24.9,37.5,Safe
23.8,51.7,5.38,25.9,34.5,Safe
91.1,42.1,0.92,53.5,37.3,Watch
96.0,53.2,0.71,43.9,27.1,Warning
81.2,48.7,7.82,34.5,30.6,Warning
145.3,77.9,3.55,57.9,37.1,Danger
16.1,54.7,3.34,28.3,22.2,Safe
66.5,37.2,1.89,37.1,38.8,Watch
21.8,37.9,1.42,34.9,53.1,Safe
16.7,66.7,2.43,37.1,17.2,Watch
40.7,17.5,0.39,18.8,37.3,Safe
50.0,55.1,1.82,25.4,23.8,Watch
38.5,24.9,1.82,17.8,38.9,Safe
12.6,65.0,2.32,36.1,35.4,Watch
43.9,37.2,3.02,30.0,50.8,Watch
41.2,54.5,9.46,1.8,49.0,Safe
17.4,45.7,3.17,37.7,17.5,Safe
108.5,20.0,6.46,33.3,39.6,Watch
136.6,56.5,2.44,55.6,39.5,Danger
46.0,32.0,2.96,43.9,43.9,Safe
2.1,59.4,0.22,46.7,36.7,Watch
41.5,27.0,0.43,13.1,38.0,Safe
87.8,49.4,2.6,46.8,21.7,Watch
42.3,45.7,1.51,27.1,36.2,Safe
38.2,34.2,4.81,19.6,29.8,Safe
67.3,69.8,2.35,0.0,38.8,Warning
166.6,45.6,6.42,49.7,31.1,Danger
53.4,37.4,10.76,25.7,36.5,Warning
46.4,50.4,0.48,28.2,38.2,Safe
101.1,18.8,1.51,34.8,38.3,Safe
58.3,89.1,3.28,57.9,24.6,Danger
125.8,25.5,1.09,26.6,56.2,Watch
17.0,54.9,0.93,29.8,34.5,Safe
17.3,46.1,5.04,44.5,38.3,Safe
20.5,66.2,11.79,25.8,32.6,Warning
77.5,48.2,4.46,17.5,20.9,Watch
53.7,33.5,2.22,0.0,39.8,Safe
34.1,11.6,1.75,50.0,34.7,Safe
53.9,13.0,2.33,33.6,40.9,Watch
85.6,40.7,1.86,38.2,25.4,Watch
32.6,69.7,2.1,22.7,28.7,Safe
71.2,14.9,0.68,40.2,34.7,Safe
29.5,78.3,7.02,21.2,32.5,Watch
9.6,64.6,4.21,32.4,29.1,Watch
42.3,20.7,3.43,31.6,34.7,Safe
8.4,25.5,8.98,46.9,46.3,Safe
32.2,27.3,1.0,39.7,36.6,Safe
46.8,50.4,0.25,20.6,43.7,Safe
20.6,44.0,5.25,39.0,30.3,Safe
63.5,43.3,19.35,24.5,32.5,Danger
34.7,35.9,2.59,17.8,34.4,Safe
64.9,48.2,0.18,38.3,27.6,Safe
41.2,60.1,4.55,32.9,34.5,Safe
35.6,42.7,0.23,12.1,47.7,Safe
20.8,33.1,2.33,22.3,49.4,Safe
42.8,62.9,0.98,41.2,45.8,Warning
47.0,41.0,7.4,35.8,35.1,Watch
54.6,54.9,1.8,36.5,24.8,Watch
50.8,43.2,6.86,57.7,56.5,Warning
12.4,64.5,1.07,44.9,26.9,Safe
83.1,67.2,1.47,28.2,47.2,Warning
56.0,66.6,8.82,23.9,35.7,Danger
43.7,35.1,0.67,19.8,21.7,Safe
54.1,34.9,2.59,23.1,17.2,Safe
61.7,60.7,1.48,6.0,45.9,Safe
140.6,43.8,4.46,11.8,26.3,Watch
26.4,44.4,0.42,39.9,19.4,Safe
27.0,32.5,1.72,53.0,29.3,Safe
16.1,70.4,3.6,30.8,31.9,Watch
5.9,63.7,1.57,19.5,35.7,Safe
57.0,42.9,0.18,0.0,35.2,Watch
144.4,33.4,3.66,55.6,24.7,Danger
33.5,32.6,2.1,9.9,32.0,Safe
95.5,47.4,0.03,7.9,49.2,Watch
33.9,52.0,2.85,25.5,21.5,Safe
92.4,29.5,7.57,29.4,36.7,Warning
53.8,22.6,0.35,30.2,21.5,Safe
43.1,46.4,2.68,17.2,27.9,Safe
26.7,60.6,3.91,36.2,43.3,Watch
44.7,46.3,0.22,22.2,11.7,Safe
76.4,40.5,0.07,22.5,53.0,Warning
23.9,24.7,1.87,25.8,19.1,Safe
39.7,33.6,4.7,19.8,11.9,Safe
49.0,60.8,0.53,11.2,32.2,Safe
74.7,22.4,5.44,12.2,27.7,Safe
45.7,76.9,3.21,13.4,25.8,Warning
34.2,46.5,1.21,36.8,38.4,Watch
51.4,16.4,2.18,36.0,22.7,Safe
91.0,54.1,10.11,26.0,37.7,Warning
58.2,53.1,0.73,26.7,40.3,Safe
40.5,37.1,2.08,47.5,18.3,Safe
44.1,61.9,2.94,37.7,42.3,Watch
17.0,33.8,0.45,53.5,39.7,Safe
70.4,56.4,0.13,21.3,47.5,Warning
12.8,44.4,0.04,12.5,32.1,Safe
29.9,39.9,1.18,45.0,23.7,Safe
36.9,69.2,0.23,29.7,44.5,Safe
29.9,62.7,4.89,18.0,32.5,Watch
17.7,25.1,17.77,37.3,50.2,Watch
24.3,51.8,0.19,19.4,39.1,Safe
12.1,79.1,1.7,40.3,31.7,Safe
115.6,69.6,0.08,37.3,23.2,Danger
27.3,28.6,0.43,26.6,31.0,Safe
25.1,73.7,1.17,4.7,41.4,Safe
143.9,61.7,1.5,16.2,16.9,Watch
9.1,26.1,8.43,52.8,27.9,Safe
62.9,48.7,1.51,56.2,15.9,Safe
43.4,53.6,2.06,68.9,21.6,Warning
18.0,25.6,0.85,36.0,25.9,Safe
45.8,57.7,0.0,13.6,29.3,Watch
128.1,88.7,6.89,50.1,35.5,Danger
62.5,69.6,0.26,26.0,39.0,Safe
56.8,47.9,9.99,19.8,45.8,Warning
14.0,39.9,0.42,35.0,48.0,Watch
20.9,50.9,2.79,58.5,43.9,Safe
9.9,27.4,22.31,28.4,28.2,Warning
44.5,36.4,0.45,30.3,34.3,Safe
43.1,9.7,1.65,7.0,26.4,Safe
21.0,52.8,4.55,31.6,34.5,Safe
76.7,38.9,0.1,40.0,30.4,Watch
13.0,56.1,3.51,28.7,20.6,Safe
22.5,47.2,0.25,29.8,46.5,Safe
45.6,26.8,0.81,33.4,49.1,Safe
14.8,48.6,0.52,14.3,24.4,Safe
32.9,32.2,7.14,0.0,37.2,Safe
24.0,74.8,0.6,28.5,24.9,Safe
50.7,29.8,0.12,26.6,31.2,Safe
11.9,36.5,2.66,38.6,26.7,Safe
4.7,26.8,1.27,66.0,25.7,Safe
14.2,25.2,1.56,49.4,33.9,Safe
77.5,45.5,0.38,0.0,13.8,Watch
73.7,22.6,4.14,67.8,26.8,Watch
18.8,41.6,2.76,40.0,72.2,Watch
39.6,52.7,1.36,26.0,16.6,Watch
42.3,37.4,0.56,52.1,28.2,Safe
11.3,5.3,2.7,0.0,34.9,Safe
24.5,69.0,4.52,21.8,30.2,Watch
35.5,49.8,1.12,33.0,24.4,Safe
3.6,50.0,0.08,31.0,41.7,Safe
45.5,40.8,0.72,52.7,33.5,Watch
59.1,59.6,3.44,47.7,25.8,Watch
49.1,61.9,13.56,40.2,40.6,Danger
69.0,63.7,0.04,25.8,26.7,Watch
57.0,49.8,1.1,44.4,23.3,Watch
76.3,20.2,0.19,21.0,37.9,Safe
5.3,52.3,1.14,41.6,18.9,Safe
30.4,49.8,1.56,19.1,49.6,Safe
17.1,35.1,7.61,34.4,47.2,Safe
5.5,30.6,0.25,8.2,37.5,Safe
37.2,54.8,4.5,45.5,26.2,Safe
79.2,43.6,1.51,23.3,21.3,Watch
25.4,38.0,5.0,9.5,6.3,Safe
53.1,75.1,2.16,15.5,48.2,Watch
96.0,57.1,0.12,25.4,22.3,Watch
33.9,52.8,8.77,16.3,35.5,Safe
85.8,66.9,0.26,40.8,34.0,Warning
80.2,50.9,2.73,25.8,15.3,Watch
51.9,32.3,6.3,44.0,26.0,Watch
13.6,38.0,0.25,25.8,20.7,Safe
5.2,58.2,2.42,40.8,39.9,Safe
22.8,56.2,5.22,30.1,40.4,Watch
28.9,53.0,12.88,26.1,29.6,Watch
33.9,24.5,3.87,14.4,23.6,Safe
63.6,59.6,0.98,31.0,33.9,Watch
21.9,43.8,3.61,41.0,43.1,Safe
64.8,55.8,3.67,19.7,17.2,Watch
120.4,30.1,3.61,29.8,53.1,Watch
36.2,80.4,5.78,21.7,29.6,Watch
48.2,49.5,0.27,59.0,30.8,Watch
115.5,37.5,0.34,34.7,48.0,Warning
70.8,56.6,3.07,31.3,31.4,Watch
22.6,60.4,9.23,22.7,30.9,Watch
126.8,56.4,1.88,43.3,22.9,Warning
47.4,27.1,9.7,30.0,26.2,Watch
24.8,65.6,8.35,29.0,24.9,Warning
8.4,38.8,7.0,28.9,14.3,Safe
22.2,44.7,7.22,13.4,11.2,Safe
45.9,5.2,6.86,52.4,29.7,Safe
17.1,36.6,5.14,43.8,18.2,Safe
19.6,36.5,3.56,30.1,38.5,Safe
99.3,53.1,0.07,28.5,29.8,Watch
48.0,35.6,0.43,16.8,16.0,Safe
10.0,15.8,0.43,7.9,47.2,Safe
66.9,49.4,0.07,16.8,27.7,Safe
5.2,40.5,0.37,47.2,37.2,Safe
45.9,31.9,7.57,24.2,48.4,Watch
41.7,46.6,3.27,46.2,31.7,Safe
167.1,13.0,1.12,29.5,32.1,Watch
83.3,56.2,4.73,17.0,46.4,Watch
40.0,41.7,2.01,19.0,29.1,Safe
74.5,40.2,0.46,33.7,42.7,Warning
5.8,62.2,6.48,5.7,31.3,Watch
41.4,35.4,1.24,18.5,33.7,Safe
24.0,49.7,3.6,23.2,33.6,Safe
45.1,42.7,1.03,42.3,28.3,Safe
4.9,100.0,2.08,34.2,26.7,Watch
65.6,53.8,5.08,32.8,25.5,Watch
57.2,24.5,0.51,37.0,19.0,Safe
85.1,76.5,11.35,45.5,27.5,Danger
28.8,63.8,0.22,30.8,29.3,Safe
67.4,45.8,2.29,14.5,36.1,Safe
134.0,37.1,7.43,32.8,31.1,Warning
32.5,21.1,8.74,17.4,42.8,Watch
11.6,52.7,0.79,0.0,42.3,Safe
64.5,32.8,0.47,32.8,45.5,Safe
30.2,29.2,3.87,37.8,30.0,Safe
16.3,59.0,0.13,35.2,26.9,Safe
19.5,72.8,1.99,37.6,18.3,Watch
9.9,36.4,4.77,46.7,45.1,Safe
16.4,59.5,2.46,15.5,20.5,Safe
54.2,48.8,0.62,24.2,23.0,Safe
55.7,51.5,2.0,10.7,34.3,Safe
21.2,30.3,7.63,36.7,28.9,Safe
161.5,41.2,2.88,48.4,46.5,Danger
44.4,25.3,3.83,21.8,24.3,Safe
51.7,23.0,1.23,40.8,32.3,Safe
60.0,54.3,0.63,18.5,13.5,Safe
22.3,35.6,0.89,39.7,44.3,Safe
77.4,28.5,2.29,0.0,15.2,Safe
8.6,23.2,0.99,52.8,56.9,Safe
14.7,17.8,2.34,13.6,30.8,Safe
22.5,9.8,3.69,32.5,29.1,Safe
48.3,47.0,3.98,51.1,31.7,Watch
12.4,5.0,0.54,12.5,21.3,Safe
13.5,53.5,4.16,56.4,38.6,Watch
106.9,53.4,3.35,61.5,27.9,Warning
97.7,43.2,0.04,40.3,28.9,Watch
11.9,46.3,0.18,30.3,44.9,Safe
20.7,39.9,3.12,27.2,14.8,Safe
39.2,49.1,1.45,38.6,30.0,Safe
62.5,48.8,0.47,41.2,30.9,Watch
28.3,68.4,0.14,0.0,33.4,Safe
25.5,72.6,0.52,25.7,26.4,Watch
89.7,72.0,9.48,21.2,28.8,Danger
22.4,30.6,3.9,19.1,50.5,Safe
32.3,58.6,2.25,19.4,37.0,Safe
58.3,54.1,8.52,10.6,24.2,Warning
60.1,33.3,2.9,53.2,38.5,Watch
55.7,29.0,3.88,21.2,32.5,Safe
53.4,38.2,1.0,27.8,39.4,Safe
48.4,25.9,2.67,25.3,30.0,Safe
33.9,20.0,0.46,21.8,23.9,Safe
77.3,54.0,1.55,36.3,15.3,Watch
62.3,45.6,0.1,25.3,43.5,Watch
25.0,45.5,0.73,39.1,38.8,Watch
32.9,61.7,0.23,53.6,35.6,Watch
13.4,41.5,1.47,13.5,38.5,Safe
27.9,59.9,5.56,34.8,44.4,Safe
15.1,31.7,1.42,34.4,15.2,Safe
78.8,31.6,5.34,12.4,32.8,Safe
184.4,45.3,3.21,39.7,13.9,Danger
14.0,83.2,2.14,26.1,28.1,Safe
35.6,68.1,0.81,53.7,35.3,Watch
31.2,64.8,7.66,45.0,28.5,Watch
4.3,20.3,0.17,30.0,49.6,Safe
23.2,47.6,3.5,26.8,29.1,Safe
130.5,59.8,2.91,56.0,24.3,Danger
45.9,82.5,1.75,21.3,32.3,Watch
36.1,14.7,0.82,34.0,21.6,Safe
15.3,58.2,1.69,29.0,23.2,Safe
71.5,64.2,6.19,47.9,41.4,Warning
27.0,53.1,5.44,49.1,41.9,Watch
22.0,20.7,8.51,38.1,33.6,Safe
66.5,49.6,1.1,22.1,38.1,Watch
35.8,52.7,1.47,27.7,52.9,Watch
17.5,48.2,0.06,11.5,31.4,Safe
70.4,32.7,8.59,33.7,23.3,Warning
44.7,30.4,1.2,17.9,37.4,Safe
71.0,53.2,1.55,63.6,40.4,Watch
37.3,32.8,7.15,21.8,41.3,Safe
193.8,33.2,2.24,45.4,43.4,Danger
8.3,42.5,2.51,52.9,41.9,Safe
179.5,47.9,0.58,42.4,37.2,Danger
25.0,63.7,2.07,22.4,38.4,Watch
8.8,23.5,7.51,21.3,36.1,Safe
47.8,21.7,2.45,74.2,16.1,Safe
89.3,38.1,0.88,59.6,14.8,Watch
55.3,12.6,0.1,34.6,21.5,Safe
6.8,55.6,1.23,24.9,40.2,Safe
7.7,9.1,2.55,16.9,27.6,Safe
9.6,57.7,0.13,20.7,33.4,Safe
23.1,65.0,2.82,40.7,47.6,Watch
11.3,49.7,2.22,64.7,42.8,Watch
32.7,11.6,4.59,28.2,10.3,Safe
5.5,46.9,0.09,48.0,39.3,Safe
34.5,30.7,4.55,43.5,32.6,Watch
53.2,23.4,2.21,25.6,25.4,Safe
89.2,55.4,1.39,45.0,28.7,Warning
47.2,58.8,10.09,45.5,28.9,Danger
102.5,68.1,0.52,43.8,18.9,Warning
47.3,39.9,2.34,23.8,34.4,Watch
13.1,48.1,1.16,40.8,53.8,Watch
30.0,75.0,2.25,47.8,42.2,Watch
22.1,82.7,2.41,44.3,11.7,Watch
42.5,64.4,0.28,46.2,34.9,Safe
3.9,38.7,3.25,27.0,34.9,Safe
96.2,45.1,3.02,46.1,22.1,Watch
64.6,41.8,4.4,49.4,19.9,Watch
39.8,57.7,0.29,23.1,41.0,Safe
187.3,30.2,1.06,9.2,33.0,Warning
129.6,50.8,3.15,54.5,27.2,Danger
60.2,50.9,0.44,23.1,38.0,Watch
41.0,51.9,3.4,18.9,53.2,Safe
32.5,26.6,0.18,33.2,34.6,Safe
30.6,49.4,1.22,26.0,34.9,Watch
21.5,76.8,5.63,1.1,31.8,Watch
21.6,36.8,4.47,43.4,28.1,Safe
38.0,49.7,3.1,43.0,40.2,Watch
84.7,11.8,6.13,14.5,30.1,Watch
37.6,49.6,3.71,29.6,37.0,Safe
10.7,48.9,2.2,14.7,47.0,Safe
31.2,47.1,11.69,17.1,39.4,Warning
16.6,58.1,3.56,21.0,19.3,Safe
113.4,40.0,2.76,37.9,18.7,Warning
4.3,66.2,1.58,60.2,44.5,Watch
40.6,29.1,6.98,23.8,30.9,Safe
15.1,71.0,1.05,42.6,34.6,Safe
32.5,48.8,0.03,42.0,24.1,Safe
40.1,43.7,0.66,0.0,38.2,Safe
74.0,19.2,0.35,9.2,50.9,Safe
28.1,25.0,1.15,60.7,33.5,Watch
39.2,51.3,5.24,22.4,38.5,Watch
96.7,32.1,3.16,36.8,44.5,Watch
96.5,62.9,0.56,35.1,48.8,Warning
157.5,50.2,4.67,0.0,25.2,Danger
17.7,19.3,2.1,19.8,36.1,Safe
159.2,58.7,2.16,40.9,44.8,Danger
30.9,42.1,1.35,15.9,47.5,Watch
111.0,44.2,6.0,24.3,27.8,Warning
71.8,63.8,1.15,11.9,25.3,Watch
26.8,19.9,0.3,17.4,30.5,Safe
138.2,24.8,1.08,22.1,28.8,Watch
103.0,50.9,3.77,2.1,29.2,Watch
12.6,14.4,3.22,47.6,36.1,Safe
28.7,34.1,0.62,9.2,26.6,Safe
65.1,62.6,0.36,27.4,47.6,Watch
10.5,43.0,3.24,18.8,28.0,Safe
36.9,20.3,3.38,46.2,26.0,Safe
84.7,48.4,1.37,11.5,20.3,Safe
36.9,37.7,5.55,18.3,44.6,Watch
47.3,32.4,11.48,9.9,19.1,Watch
80.3,100.0,0.69,0.0,36.6,Watch
55.5,55.3,2.58,37.6,38.9,Watch
36.6,39.9,0.02,30.5,5.0,Safe
109.8,61.2,3.75,33.3,18.9,Warning
43.7,39.8,1.6,42.2,28.2,Safe
40.2,35.7,0.64,31.6,50.9,Safe
108.4,50.4,4.19,23.3,28.2,Warning
57.1,54.2,4.99,33.9,27.0,Safe
15.6,61.7,0.35,22.4,24.5,Safe
17.5,70.6,0.13,46.7,24.3,Safe
22.0,66.4,1.22,24.6,25.6,Safe
83.0,60.4,2.95,28.2,25.3,Warning
76.8,62.3,4.73,39.5,24.9,Watch
46.6,66.3,2.37,65.0,24.8,Watch
17.7,57.8,2.61,14.7,28.2,Safe
30.3,16.5,4.83,11.7,41.5,Safe
101.1,54.0,2.26,26.3,20.8,Watch
35.9,69.8,2.83,18.8,25.5,Safe
34.7,30.5,2.18,40.5,26.8,Safe
23.6,37.9,6.37,33.0,32.0,Safe
84.8,43.9,0.81,13.2,24.4,Safe
20.6,48.4,0.92,41.2,52.8,Safe
69.5,35.0,0.41,57.7,37.8,Watch
27.1,46.0,5.14,18.0,41.7,Watch
60.4,54.2,1.59,34.9,34.4,Watch
50.1,8.8,1.28,0.0,46.0,Safe
38.6,46.3,11.95,24.5,20.6,Watch
31.1,38.1,7.84,34.6,26.4,Safe
54.0,14.3,10.73,27.9,23.8,Safe
49.7,55.2,0.46,31.7,30.3,Safe
24.6,50.6,6.66,18.3,47.8,Watch
91.6,48.0,1.2,48.9,54.0,Watch
78.1,56.0,0.04,23.8,41.5,Watch
18.0,50.8,1.49,11.6,31.0,Safe
20.1,31.7,2.14,29.4,43.2,Safe
6.2,58.0,0.34,43.8,46.8,Watch
72.7,61.1,2.31,38.3,43.8,Safe
32.3,25.5,5.14,22.2,30.7,Safe
40.9,60.8,1.42,56.6,30.9,Watch
19.4,39.9,1.3,28.9,25.4,Safe
41.0,56.0,1.24,4.3,29.5,Watch
51.8,47.7,7.7,38.9,24.0,Watch
11.9,41.9,0.15,27.9,31.4,Safe
50.9,54.7,1.77,28.9,31.8,Safe
49.0,39.0,0.92,43.3,23.4,Watch
105.0,64.4,6.73,26.1,58.9,Warning
53.3,67.4,0.3,25.6,35.0,Watch
17.5,35.2,1.59,11.2,44.9,Safe
18.9,42.0,1.57,22.1,44.0,Safe
48.5,38.3,6.58,33.7,51.4,Watch
31.5,51.8,0.73,21.2,22.9,Safe
68.9,68.6,3.11,5.0,26.5,Watch
11.4,15.0,0.43,39.8,13.9,Safe
75.0,19.5,9.24,40.4,15.8,Watch
47.3,43.5,2.7,40.5,21.9,Watch
106.8,48.3,2.95,16.1,30.5,Warning
37.7,28.1,1.71,29.7,31.1,Safe
18.2,48.3,1.26,33.6,63.8,Safe
16.6,31.7,0.72,38.9,37.0,Safe
53.3,37.0,2.78,39.3,41.7,Watch
13.6,67.9,9.27,8.8,33.4,Watch
158.2,38.8,1.34,55.8,18.9,Warning
36.5,38.5,6.44,11.9,35.0,Safe
114.6,47.4,0.48,5.5,15.9,Watch
8.3,64.7,8.25,0.0,30.2,Safe
2.4,44.2,1.29,40.5,38.5,Safe
22.2,35.0,1.43,51.7,26.1,Safe
55.8,55.4,1.86,20.5,33.9,Safe
45.2,59.6,3.8,3.5,26.0,Watch
